{
  "files": [
      "filename": "example.xlsx",
      "sheetname": "Sheet1",
      "columns": [
        {
          "name": "Name",
          "datatype": "string"
        },
        {
          "name": "Age",
          "datatype": "number"
        },
        {
          "name": "Email",
          "datatype": "string"
        }
      ],
      "rows": [
        {
          "Name": "John",
          "Age": 25,
          "Email": "john@example.com"
        },
        {
          "Name": "Mary",
          "Age": 30,
          "Email": "mary@example.com"
        },
        {
          "Name": "Bob",
          "Age": 35,
          "Email": "bob@example.com"
        }
      ]
    ],

  "files": [
  "filename": "example.xlsx",
  "sheetname": "Sheet1",
  "columns": [
    {
      "name": "Name",
      "datatype": "string"
    },
    {
      "name": "Age",
      "datatype": "number"
    },
    {
      "name": "Email",
      "datatype": "string"
    }
  ],
  "rows": [
    {
      "Name": "John",
      "Age": 25,
      "Email": "john@example.com"
    },
    {
      "Name": "Mary",
      "Age": 30,
      "Email": "mary@example.com"
    },
    {
      "Name": "Bob",
      "Age": 35,
      "Email": "bob@example.com"
    }
  ]
    ]
}