[
    {
        "DIV": "08",
        "GL CODE": 45030,
        "GL DESC": "Advances to Suppliers - Goods",
        "VENDOR CODE": 150350,
        "VENDOR NAME": "HEIN LEHMANN INDIA PRIVATE LIMITED",
        "VENDOR SITE": "CHENNAI",
        "DOC CATEGORY": "CGN PV Adv",
        "DOC NUMBER": 578547,
        "DOC DATE": "13-05-21",
        "INVOICE NO": "Po no 1000064661 - C173 Lot 2",
        "SUPPLIER BILL NO": "Po no 1000064661 - C173 Lot 2",
        "NARRATION": "10 Percent advance on basic amount against Po clause no 8 B after receipt of drawing approval and submission of motor data sheet Po No 1000064661 C173 Lot 2",
        "DOC STATUS": "",
        "GL DATE": "21-05-21",
        " DEBIT AMOUNT ": " 4,442,000.00 ",
        " CREDIT AMOUNT ": " -   ",
        "INVOICE/ PAYMENT": "",
        "EVENT TYPE": "",
        "Remarks": "Contra",
        "": ""
    },
    {
        "DIV": "08",
        "GL CODE": 20321,
        "GL DESC": "Creditors For Goods - Domestic",
        "VENDOR CODE": 150350,
        "VENDOR NAME": "HEIN LEHMANN INDIA PRIVATE LIMITED",
        "VENDOR SITE": "CHENNAI",
        "DOC CATEGORY": "CGN PV Adv",
        "DOC NUMBER": 578547,
        "DOC DATE": "13-05-21",
        "INVOICE NO": "Po no 1000064661 - C173 Lot 2",
        "SUPPLIER BILL NO": "Po no 1000064661 - C173 Lot 2",
        "NARRATION": "10 Percent advance on basic amount against Po clause no 8 B after receipt of drawing approval and submission of motor data sheet Po No 1000064661 C173 Lot 2",
        "DOC STATUS": "",
        "GL DATE": "21-05-21",
        " DEBIT AMOUNT ": " -   ",
        " CREDIT AMOUNT ": " 4,442,000.00 ",
        "INVOICE/ PAYMENT": "",
        "EVENT TYPE": "",
        "Remarks": "",
        "": ""
    },
    {
        "DIV": "08",
        "GL CODE": 20810,
        "GL DESC": "Creditors For Retention - Domestic",
        "VENDOR CODE": 150350,
        "VENDOR NAME": "HEIN LEHMANN INDIA PRIVATE LIMITED",
        "VENDOR SITE": "CHENNAI",
        "DOC CATEGORY": "STD INV",
        "DOC NUMBER": 3876521,
        "DOC DATE": "28-10-21",
        "INVOICE NO": "SRET-ERS-4000027448-1860521",
        "SUPPLIER BILL NO": "80-SI-RET",
        "NARRATION": "STD INV for Invoice Num ERS-4000027448-1860521",
        "DOC STATUS": "",
        "GL DATE": "06-12-21",
        " DEBIT AMOUNT ": " -   ",
        " CREDIT AMOUNT ": " 632,496.10 ",
        "INVOICE/ PAYMENT": "",
        "EVENT TYPE": "",
        "Remarks": "",
        "": ""
    },
    {
        "DIV": "08",
        "GL CODE": 20321,
        "GL DESC": "Creditors For Goods - Domestic",
        "VENDOR CODE": 150350,
        "VENDOR NAME": "HEIN LEHMANN INDIA PRIVATE LIMITED",
        "VENDOR SITE": "CHENNAI",
        "DOC CATEGORY": "STD INV",
        "DOC NUMBER": 3853250,
        "DOC DATE": "28-10-21",
        "INVOICE NO": "ERS-4000027448-1860521",
        "SUPPLIER BILL NO": 80,
        "NARRATION": "Receipt Invoice automatically created on 28-OCT-21",
        "DOC STATUS": "",
        "GL DATE": "06-12-21",
        " DEBIT AMOUNT ": " 1,265,000.00 ",
        " CREDIT AMOUNT ": " 7,463,453.98 ",
        "INVOICE/ PAYMENT": "",
        "EVENT TYPE": "",
        "Remarks": "",
        "": ""
    },
    {
        "DIV": "08",
        "GL CODE": 20321,
        "GL DESC": "Creditors For Goods - Domestic",
        "VENDOR CODE": 150350,
        "VENDOR NAME": "HEIN LEHMANN INDIA PRIVATE LIMITED",
        "VENDOR SITE": "CHENNAI",
        "DOC CATEGORY": "CRM INV",
        "DOC NUMBER": 2899162,
        "DOC DATE": "28-10-21",
        "INVOICE NO": "RET-ERS-4000027448-1860521",
        "SUPPLIER BILL NO": "80-CM-RET",
        "NARRATION": "CN for Invoice Num ERS-4000027448-1860521",
        "DOC STATUS": "",
        "GL DATE": "06-12-21",
        " DEBIT AMOUNT ": " 632,496.10 ",
        " CREDIT AMOUNT ": " -   ",
        "INVOICE/ PAYMENT": "",
        "EVENT TYPE": "",
        "Remarks": "",
        "": ""
    },
    {
        "DIV": "08",
        "GL CODE": 45030,
        "GL DESC": "Advances to Suppliers - Goods",
        "VENDOR CODE": 150350,
        "VENDOR NAME": "HEIN LEHMANN INDIA PRIVATE LIMITED",
        "VENDOR SITE": "CHENNAI",
        "DOC CATEGORY": "STD INV",
        "DOC NUMBER": 3853250,
        "DOC DATE": "28-10-21",
        "INVOICE NO": "ERS-4000027448-1860521",
        "SUPPLIER BILL NO": 80,
        "NARRATION": "Receipt Invoice automatically created on 28-OCT-21",
        "DOC STATUS": "",
        "GL DATE": "06-12-21",
        " DEBIT AMOUNT ": " -   ",
        " CREDIT AMOUNT ": " 1,265,000.00 ",
        "INVOICE/ PAYMENT": "",
        "EVENT TYPE": "",
        "Remarks": "",
        "": ""
    },
    {
        "DIV": "08",
        "GL CODE": 20321,
        "GL DESC": "Creditors For Goods - Domestic",
        "VENDOR CODE": 150350,
        "VENDOR NAME": "HEIN LEHMANN INDIA PRIVATE LIMITED",
        "VENDOR SITE": "CHENNAI",
        "DOC CATEGORY": "TFS BV CITI LABOUR EPAY",
        "DOC NUMBER": 51406055,
        "DOC DATE": "10-12-21",
        "INVOICE NO": 51306055,
        "SUPPLIER BILL NO": 80,
        "NARRATION": "",
        "DOC STATUS": "",
        "GL DATE": "10-12-21",
        " DEBIT AMOUNT ": " 5,059,961.00 ",
        " CREDIT AMOUNT ": " 632,496.10 ",
        "INVOICE/ PAYMENT": "",
        "EVENT TYPE": "",
        "Remarks": "",
        "": ""
    },
    {
        "DIV": "08",
        "GL CODE": 20321,
        "GL DESC": "Creditors For Goods - Domestic",
        "VENDOR CODE": 150350,
        "VENDOR NAME": "HEIN LEHMANN INDIA PRIVATE LIMITED",
        "VENDOR SITE": "CHENNAI",
        "DOC CATEGORY": "TFS BV CITI LABOUR EPAY",
        "DOC NUMBER": 51406055,
        "DOC DATE": "10-12-21",
        "INVOICE NO": 51306055,
        "SUPPLIER BILL NO": "80-CM-RET",
        "NARRATION": "",
        "DOC STATUS": "",
        "GL DATE": "10-12-21",
        " DEBIT AMOUNT ": " 5,059,961.00 ",
        " CREDIT AMOUNT ": " 632,496.10 ",
        "INVOICE/ PAYMENT": "",
        "EVENT TYPE": "",
        "Remarks": "",
        "": ""
    },
    {
        "DIV": "08",
        "GL CODE": 20321,
        "GL DESC": "Creditors For Goods - Domestic",
        "VENDOR CODE": 150350,
        "VENDOR NAME": "HEIN LEHMANN INDIA PRIVATE LIMITED",
        "VENDOR SITE": "CHENNAI",
        "DOC CATEGORY": "STD INV",
        "DOC NUMBER": 3867469,
        "DOC DATE": "24-11-21",
        "INVOICE NO": "ERS-4000027580-1868441",
        "SUPPLIER BILL NO": 86,
        "NARRATION": "Receipt Invoice automatically created on 24-NOV-21",
        "DOC STATUS": "",
        "GL DATE": "25-12-21",
        " DEBIT AMOUNT ": " 1,385,000.00 ",
        " CREDIT AMOUNT ": " 8,171,419.17 ",
        "INVOICE/ PAYMENT": "",
        "EVENT TYPE": "",
        "Remarks": "",
        "": ""
    },
    {
        "DIV": "08",
        "GL CODE": 20810,
        "GL DESC": "Creditors For Retention - Domestic",
        "VENDOR CODE": 150350,
        "VENDOR NAME": "HEIN LEHMANN INDIA PRIVATE LIMITED",
        "VENDOR SITE": "CHENNAI",
        "DOC CATEGORY": "STD INV",
        "DOC NUMBER": 3897741,
        "DOC DATE": "24-11-21",
        "INVOICE NO": "SRET-ERS-4000027580-1868441",
        "SUPPLIER BILL NO": "86-SI-RET",
        "NARRATION": "STD INV for Invoice Num ERS-4000027580-1868441",
        "DOC STATUS": "",
        "GL DATE": "25-12-21",
        " DEBIT AMOUNT ": " -   ",
        " CREDIT AMOUNT ": " 692,493.15 ",
        "INVOICE/ PAYMENT": "",
        "EVENT TYPE": "",
        "Remarks": "",
        "": ""
    },
    {
        "DIV": "08",
        "GL CODE": 20321,
        "GL DESC": "Creditors For Goods - Domestic",
        "VENDOR CODE": 150350,
        "VENDOR NAME": "HEIN LEHMANN INDIA PRIVATE LIMITED",
        "VENDOR SITE": "CHENNAI",
        "DOC CATEGORY": "CRM INV",
        "DOC NUMBER": 2907239,
        "DOC DATE": "24-11-21",
        "INVOICE NO": "ERS-4000027580-1868441-TDS-CM-840401",
        "SUPPLIER BILL NO": "86-TDS",
        "NARRATION": "ERS-4000027580-1868441-TDS-CM-840401",
        "DOC STATUS": "",
        "GL DATE": "25-12-21",
        " DEBIT AMOUNT ": " 6,925.00 ",
        " CREDIT AMOUNT ": " -   ",
        "INVOICE/ PAYMENT": "",
        "EVENT TYPE": "",
        "Remarks": "",
        "": ""
    },
    {
        "DIV": "08",
        "GL CODE": 20321,
        "GL DESC": "Creditors For Goods - Domestic",
        "VENDOR CODE": 150350,
        "VENDOR NAME": "HEIN LEHMANN INDIA PRIVATE LIMITED",
        "VENDOR SITE": "CHENNAI",
        "DOC CATEGORY": "CRM INV",
        "DOC NUMBER": 2907238,
        "DOC DATE": "24-11-21",
        "INVOICE NO": "RET-ERS-4000027580-1868441",
        "SUPPLIER BILL NO": "86-CM-RET",
        "NARRATION": "CN for Invoice Num ERS-4000027580-1868441",
        "DOC STATUS": "",
        "GL DATE": "25-12-21",
        " DEBIT AMOUNT ": " 692,493.15 ",
        " CREDIT AMOUNT ": " -   ",
        "INVOICE/ PAYMENT": "",
        "EVENT TYPE": "",
        "Remarks": "",
        "": ""
    },
    {
        "DIV": "08",
        "GL CODE": 45030,
        "GL DESC": "Advances to Suppliers - Goods",
        "VENDOR CODE": 150350,
        "VENDOR NAME": "HEIN LEHMANN INDIA PRIVATE LIMITED",
        "VENDOR SITE": "CHENNAI",
        "DOC CATEGORY": "STD INV",
        "DOC NUMBER": 3867469,
        "DOC DATE": "24-11-21",
        "INVOICE NO": "ERS-4000027580-1868441",
        "SUPPLIER BILL NO": 86,
        "NARRATION": "Receipt Invoice automatically created on 24-NOV-21",
        "DOC STATUS": "",
        "GL DATE": "25-12-21",
        " DEBIT AMOUNT ": " -   ",
        " CREDIT AMOUNT ": " 1,385,000.00 ",
        "INVOICE/ PAYMENT": "",
        "EVENT TYPE": "",
        "Remarks": "",
        "": ""
    },
    {
        "DIV": "08",
        "GL CODE": 20321,
        "GL DESC": "Creditors For Goods - Domestic",
        "VENDOR CODE": 150350,
        "VENDOR NAME": "HEIN LEHMANN INDIA PRIVATE LIMITED",
        "VENDOR SITE": "CHENNAI",
        "DOC CATEGORY": "TFS BV CITI EPAY",
        "DOC NUMBER": 547985,
        "DOC DATE": "04-01-22",
        "INVOICE NO": 95110638,
        "SUPPLIER BILL NO": "86-TDS",
        "NARRATION": "",
        "DOC STATUS": "",
        "GL DATE": "04-01-22",
        " DEBIT AMOUNT ": " 5,539,931.50 ",
        " CREDIT AMOUNT ": " 699,418.15 ",
        "INVOICE/ PAYMENT": "",
        "EVENT TYPE": "",
        "Remarks": "",
        "": ""
    },
    {
        "DIV": "08",
        "GL CODE": 20321,
        "GL DESC": "Creditors For Goods - Domestic",
        "VENDOR CODE": 150350,
        "VENDOR NAME": "HEIN LEHMANN INDIA PRIVATE LIMITED",
        "VENDOR SITE": "CHENNAI",
        "DOC CATEGORY": "TFS BV CITI EPAY",
        "DOC NUMBER": 547985,
        "DOC DATE": "04-01-22",
        "INVOICE NO": 95110638,
        "SUPPLIER BILL NO": "86-CM-RET",
        "NARRATION": "",
        "DOC STATUS": "",
        "GL DATE": "04-01-22",
        " DEBIT AMOUNT ": " 5,539,931.50 ",
        " CREDIT AMOUNT ": " 699,418.15 ",
        "INVOICE/ PAYMENT": "",
        "EVENT TYPE": "",
        "Remarks": "",
        "": ""
    },
    {
        "DIV": "08",
        "GL CODE": 20321,
        "GL DESC": "Creditors For Goods - Domestic",
        "VENDOR CODE": 150350,
        "VENDOR NAME": "HEIN LEHMANN INDIA PRIVATE LIMITED",
        "VENDOR SITE": "CHENNAI",
        "DOC CATEGORY": "TFS BV CITI EPAY",
        "DOC NUMBER": 547985,
        "DOC DATE": "04-01-22",
        "INVOICE NO": 95110638,
        "SUPPLIER BILL NO": 86,
        "NARRATION": "",
        "DOC STATUS": "",
        "GL DATE": "04-01-22",
        " DEBIT AMOUNT ": " 5,539,931.50 ",
        " CREDIT AMOUNT ": " 699,418.15 ",
        "INVOICE/ PAYMENT": "",
        "EVENT TYPE": "",
        "Remarks": "",
        "": ""
    },
    {
        "DIV": "08",
        "GL CODE": 20321,
        "GL DESC": "Creditors For Goods - Domestic",
        "VENDOR CODE": 150350,
        "VENDOR NAME": "HEIN LEHMANN INDIA PRIVATE LIMITED",
        "VENDOR SITE": "CHENNAI",
        "DOC CATEGORY": "CRM INV",
        "DOC NUMBER": 2916050,
        "DOC DATE": "13-12-21",
        "INVOICE NO": "ERS-4000027767-1877118-TDS-CM-848714",
        "SUPPLIER BILL NO": "98-TDS",
        "NARRATION": "ERS-4000027767-1877118-TDS-CM-848714",
        "DOC STATUS": "",
        "GL DATE": "12-01-22",
        " DEBIT AMOUNT ": " 6,625.00 ",
        " CREDIT AMOUNT ": " -   ",
        "INVOICE/ PAYMENT": "",
        "EVENT TYPE": "",
        "Remarks": "",
        "": ""
    },
    {
        "DIV": "08",
        "GL CODE": 20810,
        "GL DESC": "Creditors For Retention - Domestic",
        "VENDOR CODE": 150350,
        "VENDOR NAME": "HEIN LEHMANN INDIA PRIVATE LIMITED",
        "VENDOR SITE": "CHENNAI",
        "DOC CATEGORY": "STD INV",
        "DOC NUMBER": 3910891,
        "DOC DATE": "13-12-21",
        "INVOICE NO": "SRET-ERS-4000027767-1877118",
        "SUPPLIER BILL NO": "98-SI-RET",
        "NARRATION": "STD INV for Invoice Num ERS-4000027767-1877118",
        "DOC STATUS": "",
        "GL DATE": "12-01-22",
        " DEBIT AMOUNT ": " -   ",
        " CREDIT AMOUNT ": " 662,494.63 ",
        "INVOICE/ PAYMENT": "",
        "EVENT TYPE": "",
        "Remarks": "",
        "": ""
    },
    {
        "DIV": "08",
        "GL CODE": 45030,
        "GL DESC": "Advances to Suppliers - Goods",
        "VENDOR CODE": 150350,
        "VENDOR NAME": "HEIN LEHMANN INDIA PRIVATE LIMITED",
        "VENDOR SITE": "CHENNAI",
        "DOC CATEGORY": "STD INV",
        "DOC NUMBER": 3882344,
        "DOC DATE": "13-12-21",
        "INVOICE NO": "ERS-4000027767-1877118",
        "SUPPLIER BILL NO": 98,
        "NARRATION": "Receipt Invoice automatically created on 13-DEC-21",
        "DOC STATUS": "",
        "GL DATE": "12-01-22",
        " DEBIT AMOUNT ": " -   ",
        " CREDIT AMOUNT ": " 1,325,000.00 ",
        "INVOICE/ PAYMENT": "",
        "EVENT TYPE": "",
        "Remarks": "",
        "": ""
    },
    {
        "DIV": "08",
        "GL CODE": 20321,
        "GL DESC": "Creditors For Goods - Domestic",
        "VENDOR CODE": 150350,
        "VENDOR NAME": "HEIN LEHMANN INDIA PRIVATE LIMITED",
        "VENDOR SITE": "CHENNAI",
        "DOC CATEGORY": "STD INV",
        "DOC NUMBER": 3882344,
        "DOC DATE": "13-12-21",
        "INVOICE NO": "ERS-4000027767-1877118",
        "SUPPLIER BILL NO": 98,
        "NARRATION": "Receipt Invoice automatically created on 13-DEC-21",
        "DOC STATUS": "",
        "GL DATE": "12-01-22",
        " DEBIT AMOUNT ": " 1,325,000.00 ",
        " CREDIT AMOUNT ": " 7,817,436.58 ",
        "INVOICE/ PAYMENT": "",
        "EVENT TYPE": "",
        "Remarks": "",
        "": ""
    },
    {
        "DIV": "08",
        "GL CODE": 20321,
        "GL DESC": "Creditors For Goods - Domestic",
        "VENDOR CODE": 150350,
        "VENDOR NAME": "HEIN LEHMANN INDIA PRIVATE LIMITED",
        "VENDOR SITE": "CHENNAI",
        "DOC CATEGORY": "CRM INV",
        "DOC NUMBER": 2916031,
        "DOC DATE": "13-12-21",
        "INVOICE NO": "RET-ERS-4000027767-1877118",
        "SUPPLIER BILL NO": "98-CM-RET",
        "NARRATION": "CN for Invoice Num ERS-4000027767-1877118",
        "DOC STATUS": "",
        "GL DATE": "12-01-22",
        " DEBIT AMOUNT ": " 662,494.63 ",
        " CREDIT AMOUNT ": " -   ",
        "INVOICE/ PAYMENT": "",
        "EVENT TYPE": "",
        "Remarks": "",
        "": ""
    },
    {
        "DIV": "08",
        "GL CODE": 20321,
        "GL DESC": "Creditors For Goods - Domestic",
        "VENDOR CODE": 150350,
        "VENDOR NAME": "HEIN LEHMANN INDIA PRIVATE LIMITED",
        "VENDOR SITE": "CHENNAI",
        "DOC CATEGORY": "TFS BV CITI LABOUR EPAY",
        "DOC NUMBER": 51406564,
        "DOC DATE": "18-01-22",
        "INVOICE NO": 51306564,
        "SUPPLIER BILL NO": 98,
        "NARRATION": "",
        "DOC STATUS": "",
        "GL DATE": "18-01-22",
        " DEBIT AMOUNT ": " 6,492,436.58 ",
        " CREDIT AMOUNT ": " 669,119.63 ",
        "INVOICE/ PAYMENT": "",
        "EVENT TYPE": "",
        "Remarks": "",
        "": ""
    },
    {
        "DIV": "08",
        "GL CODE": 20321,
        "GL DESC": "Creditors For Goods - Domestic",
        "VENDOR CODE": 150350,
        "VENDOR NAME": "HEIN LEHMANN INDIA PRIVATE LIMITED",
        "VENDOR SITE": "CHENNAI",
        "DOC CATEGORY": "TFS BV CITI LABOUR EPAY",
        "DOC NUMBER": 51406564,
        "DOC DATE": "18-01-22",
        "INVOICE NO": 51306564,
        "SUPPLIER BILL NO": "98-CM-RET",
        "NARRATION": "",
        "DOC STATUS": "",
        "GL DATE": "18-01-22",
        " DEBIT AMOUNT ": " 6,492,436.58 ",
        " CREDIT AMOUNT ": " 669,119.63 ",
        "INVOICE/ PAYMENT": "",
        "EVENT TYPE": "",
        "Remarks": "",
        "": ""
    },
    {
        "DIV": "08",
        "GL CODE": 20321,
        "GL DESC": "Creditors For Goods - Domestic",
        "VENDOR CODE": 150350,
        "VENDOR NAME": "HEIN LEHMANN INDIA PRIVATE LIMITED",
        "VENDOR SITE": "CHENNAI",
        "DOC CATEGORY": "TFS BV CITI LABOUR EPAY",
        "DOC NUMBER": 51406564,
        "DOC DATE": "18-01-22",
        "INVOICE NO": 51306564,
        "SUPPLIER BILL NO": "98-TDS",
        "NARRATION": "",
        "DOC STATUS": "",
        "GL DATE": "18-01-22",
        " DEBIT AMOUNT ": " 6,492,436.58 ",
        " CREDIT AMOUNT ": " 669,119.63 ",
        "INVOICE/ PAYMENT": "",
        "EVENT TYPE": "",
        "Remarks": "",
        "": ""
    },
    {
        "DIV": "08",
        "GL CODE": 20321,
        "GL DESC": "Creditors For Goods - Domestic",
        "VENDOR CODE": 150350,
        "VENDOR NAME": "HEIN LEHMANN INDIA PRIVATE LIMITED",
        "VENDOR SITE": "CHENNAI",
        "DOC CATEGORY": "TFS BV CITI EPAY",
        "DOC NUMBER": 548684,
        "DOC DATE": "20-01-22",
        "INVOICE NO": 95111314,
        "SUPPLIER BILL NO": 86,
        "NARRATION": "",
        "DOC STATUS": "",
        "GL DATE": "20-01-22",
        " DEBIT AMOUNT ": " 2,624,959.95 ",
        " CREDIT AMOUNT ": " -   ",
        "INVOICE/ PAYMENT": "",
        "EVENT TYPE": "",
        "Remarks": "",
        "": ""
    },
    {
        "DIV": "08",
        "GL CODE": 20321,
        "GL DESC": "Creditors For Goods - Domestic",
        "VENDOR CODE": 150350,
        "VENDOR NAME": "HEIN LEHMANN INDIA PRIVATE LIMITED",
        "VENDOR SITE": "CHENNAI",
        "DOC CATEGORY": "TFS BV CITI EPAY",
        "DOC NUMBER": 548684,
        "DOC DATE": "20-01-22",
        "INVOICE NO": 95111314,
        "SUPPLIER BILL NO": 80,
        "NARRATION": "",
        "DOC STATUS": "",
        "GL DATE": "20-01-22",
        " DEBIT AMOUNT ": " 2,384,980.65 ",
        " CREDIT AMOUNT ": " -   ",
        "INVOICE/ PAYMENT": "",
        "EVENT TYPE": "",
        "Remarks": "",
        "": ""
    },
    {
        "DIV": "08",
        "GL CODE": 20810,
        "GL DESC": "Creditors For Retention - Domestic",
        "VENDOR CODE": 150350,
        "VENDOR NAME": "HEIN LEHMANN INDIA PRIVATE LIMITED",
        "VENDOR SITE": "CHENNAI",
        "DOC CATEGORY": "STD INV",
        "DOC NUMBER": 3940517,
        "DOC DATE": "30-12-21",
        "INVOICE NO": "SRET-ERS-4000028020-1887111",
        "SUPPLIER BILL NO": "105-SI-RET",
        "NARRATION": "STD INV for Invoice Num ERS-4000028020-1887111",
        "DOC STATUS": "",
        "GL DATE": "11-02-22",
        " DEBIT AMOUNT ": " -   ",
        " CREDIT AMOUNT ": " 842,495.10 ",
        "INVOICE/ PAYMENT": "",
        "EVENT TYPE": "",
        "Remarks": "",
        "": ""
    },
    {
        "DIV": "08",
        "GL CODE": 20321,
        "GL DESC": "Creditors For Goods - Domestic",
        "VENDOR CODE": 150350,
        "VENDOR NAME": "HEIN LEHMANN INDIA PRIVATE LIMITED",
        "VENDOR SITE": "CHENNAI",
        "DOC CATEGORY": "CRM INV",
        "DOC NUMBER": 2933551,
        "DOC DATE": "30-12-21",
        "INVOICE NO": "RET-ERS-4000028020-1887111",
        "SUPPLIER BILL NO": "105-CM-RET",
        "NARRATION": "CN for Invoice Num ERS-4000028020-1887111",
        "DOC STATUS": "",
        "GL DATE": "11-02-22",
        " DEBIT AMOUNT ": " 842,495.10 ",
        " CREDIT AMOUNT ": " -   ",
        "INVOICE/ PAYMENT": "",
        "EVENT TYPE": "",
        "Remarks": "",
        "": ""
    },
    {
        "DIV": "08",
        "GL CODE": 45030,
        "GL DESC": "Advances to Suppliers - Goods",
        "VENDOR CODE": 150350,
        "VENDOR NAME": "HEIN LEHMANN INDIA PRIVATE LIMITED",
        "VENDOR SITE": "CHENNAI",
        "DOC CATEGORY": "STD INV",
        "DOC NUMBER": 3897688,
        "DOC DATE": "30-12-21",
        "INVOICE NO": "ERS-4000028020-1887111",
        "SUPPLIER BILL NO": 105,
        "NARRATION": "Receipt Invoice automatically created on 30-DEC-21",
        "DOC STATUS": "",
        "GL DATE": "11-02-22",
        " DEBIT AMOUNT ": " -   ",
        " CREDIT AMOUNT ": " 1,685,000.00 ",
        "INVOICE/ PAYMENT": "",
        "EVENT TYPE": "",
        "Remarks": "",
        "": ""
    },
    {
        "DIV": "08",
        "GL CODE": 20321,
        "GL DESC": "Creditors For Goods - Domestic",
        "VENDOR CODE": 150350,
        "VENDOR NAME": "HEIN LEHMANN INDIA PRIVATE LIMITED",
        "VENDOR SITE": "CHENNAI",
        "DOC CATEGORY": "STD INV",
        "DOC NUMBER": 3897688,
        "DOC DATE": "30-12-21",
        "INVOICE NO": "ERS-4000028020-1887111",
        "SUPPLIER BILL NO": 105,
        "NARRATION": "Receipt Invoice automatically created on 30-DEC-21",
        "DOC STATUS": "",
        "GL DATE": "11-02-22",
        " DEBIT AMOUNT ": " 1,685,000.00 ",
        " CREDIT AMOUNT ": " 9,941,442.19 ",
        "INVOICE/ PAYMENT": "",
        "EVENT TYPE": "",
        "Remarks": "",
        "": ""
    },
    {
        "DIV": "08",
        "GL CODE": 20810,
        "GL DESC": "Creditors For Retention - Domestic",
        "VENDOR CODE": 150350,
        "VENDOR NAME": "HEIN LEHMANN INDIA PRIVATE LIMITED",
        "VENDOR SITE": "CHENNAI",
        "DOC CATEGORY": "TFS BV CITI LABOUR EPAY",
        "DOC NUMBER": 51406927,
        "DOC DATE": "12-02-22",
        "INVOICE NO": 51306927,
        "SUPPLIER BILL NO": 105,
        "NARRATION": "",
        "DOC STATUS": "",
        "GL DATE": "12-02-22",
        " DEBIT AMOUNT ": " 842,495.10 ",
        " CREDIT AMOUNT ": " -   ",
        "INVOICE/ PAYMENT": "",
        "EVENT TYPE": "",
        "Remarks": "",
        "": ""
    },
    {
        "DIV": "08",
        "GL CODE": 20810,
        "GL DESC": "Creditors For Retention - Domestic",
        "VENDOR CODE": 150350,
        "VENDOR NAME": "HEIN LEHMANN INDIA PRIVATE LIMITED",
        "VENDOR SITE": "CHENNAI",
        "DOC CATEGORY": "TFS BV CITI LABOUR EPAY",
        "DOC NUMBER": 51406927,
        "DOC DATE": "12-02-22",
        "INVOICE NO": 51306927,
        "SUPPLIER BILL NO": "105-SI-RET",
        "NARRATION": "",
        "DOC STATUS": "",
        "GL DATE": "12-02-22",
        " DEBIT AMOUNT ": " 842,495.10 ",
        " CREDIT AMOUNT ": " -   ",
        "INVOICE/ PAYMENT": "",
        "EVENT TYPE": "",
        "Remarks": "",
        "": ""
    },
    {
        "DIV": "08",
        "GL CODE": 20810,
        "GL DESC": "Creditors For Retention - Domestic",
        "VENDOR CODE": 150350,
        "VENDOR NAME": "HEIN LEHMANN INDIA PRIVATE LIMITED",
        "VENDOR SITE": "CHENNAI",
        "DOC CATEGORY": "TFS BV CITI LABOUR EPAY",
        "DOC NUMBER": 51406927,
        "DOC DATE": "12-02-22",
        "INVOICE NO": 51306927,
        "SUPPLIER BILL NO": "105-CM-RET",
        "NARRATION": "",
        "DOC STATUS": "",
        "GL DATE": "12-02-22",
        " DEBIT AMOUNT ": " 842,495.10 ",
        " CREDIT AMOUNT ": " -   ",
        "INVOICE/ PAYMENT": "",
        "EVENT TYPE": "",
        "Remarks": "",
        "": ""
    },
    {
        "DIV": "08",
        "GL CODE": 20321,
        "GL DESC": "Creditors For Goods - Domestic",
        "VENDOR CODE": 150350,
        "VENDOR NAME": "HEIN LEHMANN INDIA PRIVATE LIMITED",
        "VENDOR SITE": "CHENNAI",
        "DOC CATEGORY": "TFS BV CITI LABOUR EPAY",
        "DOC NUMBER": 51406927,
        "DOC DATE": "12-02-22",
        "INVOICE NO": 51306927,
        "SUPPLIER BILL NO": 105,
        "NARRATION": "",
        "DOC STATUS": "",
        "GL DATE": "12-02-22",
        " DEBIT AMOUNT ": " 6,739,951.00 ",
        " CREDIT AMOUNT ": " 842,495.10 ",
        "INVOICE/ PAYMENT": "",
        "EVENT TYPE": "",
        "Remarks": "",
        "": ""
    },
    {
        "DIV": "08",
        "GL CODE": 20321,
        "GL DESC": "Creditors For Goods - Domestic",
        "VENDOR CODE": 150350,
        "VENDOR NAME": "HEIN LEHMANN INDIA PRIVATE LIMITED",
        "VENDOR SITE": "CHENNAI",
        "DOC CATEGORY": "TFS BV CITI LABOUR EPAY",
        "DOC NUMBER": 51406927,
        "DOC DATE": "12-02-22",
        "INVOICE NO": 51306927,
        "SUPPLIER BILL NO": "105-CM-RET",
        "NARRATION": "",
        "DOC STATUS": "",
        "GL DATE": "12-02-22",
        " DEBIT AMOUNT ": " 6,739,951.00 ",
        " CREDIT AMOUNT ": " 842,495.10 ",
        "INVOICE/ PAYMENT": "",
        "EVENT TYPE": "",
        "Remarks": "",
        "": ""
    },
    {
        "DIV": "08",
        "GL CODE": 20321,
        "GL DESC": "Creditors For Goods - Domestic",
        "VENDOR CODE": 150350,
        "VENDOR NAME": "HEIN LEHMANN INDIA PRIVATE LIMITED",
        "VENDOR SITE": "CHENNAI",
        "DOC CATEGORY": "TFS BV CITI LABOUR EPAY",
        "DOC NUMBER": 51406927,
        "DOC DATE": "12-02-22",
        "INVOICE NO": 51306927,
        "SUPPLIER BILL NO": "105-CM-RET",
        "NARRATION": "",
        "DOC STATUS": "",
        "GL DATE": "12-02-22",
        " DEBIT AMOUNT ": " 6,739,951.00 ",
        " CREDIT AMOUNT ": " 842,495.10 ",
        "INVOICE/ PAYMENT": "",
        "EVENT TYPE": "",
        "Remarks": "",
        "": ""
    },
    {
        "DIV": "08",
        "GL CODE": 20321,
        "GL DESC": "Creditors For Goods - Domestic",
        "VENDOR CODE": 150350,
        "VENDOR NAME": "HEIN LEHMANN INDIA PRIVATE LIMITED",
        "VENDOR SITE": "CHENNAI",
        "DOC CATEGORY": "TFS BV CITI LABOUR EPAY",
        "DOC NUMBER": 51406927,
        "DOC DATE": "12-02-22",
        "INVOICE NO": 51306927,
        "SUPPLIER BILL NO": "105-SI-RET",
        "NARRATION": "",
        "DOC STATUS": "",
        "GL DATE": "12-02-22",
        " DEBIT AMOUNT ": " 6,739,951.00 ",
        " CREDIT AMOUNT ": " 842,495.10 ",
        "INVOICE/ PAYMENT": "",
        "EVENT TYPE": "",
        "Remarks": "",
        "": ""
    },
    {
        "DIV": "08",
        "GL CODE": 20810,
        "GL DESC": "Creditors For Retention - Domestic",
        "VENDOR CODE": 150350,
        "VENDOR NAME": "HEIN LEHMANN INDIA PRIVATE LIMITED",
        "VENDOR SITE": "CHENNAI",
        "DOC CATEGORY": "TFS BV CITI LABOUR EPAY",
        "DOC NUMBER": 51406927,
        "DOC DATE": "12-02-22",
        "INVOICE NO": 51306927,
        "SUPPLIER BILL NO": "105-CM-RET",
        "NARRATION": "",
        "DOC STATUS": "",
        "GL DATE": "12-02-22",
        " DEBIT AMOUNT ": " 842,495.10 ",
        " CREDIT AMOUNT ": " -   ",
        "INVOICE/ PAYMENT": "",
        "EVENT TYPE": "",
        "Remarks": "",
        "": ""
    },
    {
        "DIV": "08",
        "GL CODE": 20321,
        "GL DESC": "Creditors For Goods - Domestic",
        "VENDOR CODE": 150350,
        "VENDOR NAME": "HEIN LEHMANN INDIA PRIVATE LIMITED",
        "VENDOR SITE": "CHENNAI",
        "DOC CATEGORY": "TFS BV CITI LABOUR EPAY",
        "DOC NUMBER": 51406927,
        "DOC DATE": "12-02-22",
        "INVOICE NO": 51306927,
        "SUPPLIER BILL NO": 105,
        "NARRATION": "",
        "DOC STATUS": "",
        "GL DATE": "12-02-22",
        " DEBIT AMOUNT ": " 6,739,951.00 ",
        " CREDIT AMOUNT ": " 842,495.10 ",
        "INVOICE/ PAYMENT": "",
        "EVENT TYPE": "",
        "Remarks": "",
        "": ""
    },
    {
        "DIV": "08",
        "GL CODE": 20810,
        "GL DESC": "Creditors For Retention - Domestic",
        "VENDOR CODE": 150350,
        "VENDOR NAME": "HEIN LEHMANN INDIA PRIVATE LIMITED",
        "VENDOR SITE": "CHENNAI",
        "DOC CATEGORY": "TFS BV CITI LABOUR EPAY",
        "DOC NUMBER": 51406927,
        "DOC DATE": "12-02-22",
        "INVOICE NO": 51306927,
        "SUPPLIER BILL NO": "105-SI-RET",
        "NARRATION": "",
        "DOC STATUS": "",
        "GL DATE": "12-02-22",
        " DEBIT AMOUNT ": " 842,495.10 ",
        " CREDIT AMOUNT ": " -   ",
        "INVOICE/ PAYMENT": "",
        "EVENT TYPE": "",
        "Remarks": "",
        "": ""
    },
    {
        "DIV": "08",
        "GL CODE": 20321,
        "GL DESC": "Creditors For Goods - Domestic",
        "VENDOR CODE": 150350,
        "VENDOR NAME": "HEIN LEHMANN INDIA PRIVATE LIMITED",
        "VENDOR SITE": "CHENNAI",
        "DOC CATEGORY": "TFS BV CITI LABOUR EPAY",
        "DOC NUMBER": 51406927,
        "DOC DATE": "12-02-22",
        "INVOICE NO": 51306927,
        "SUPPLIER BILL NO": "105-SI-RET",
        "NARRATION": "",
        "DOC STATUS": "",
        "GL DATE": "12-02-22",
        " DEBIT AMOUNT ": " 6,739,951.00 ",
        " CREDIT AMOUNT ": " 842,495.10 ",
        "INVOICE/ PAYMENT": "",
        "EVENT TYPE": "",
        "Remarks": "",
        "": ""
    },
    {
        "DIV": "08",
        "GL CODE": 20810,
        "GL DESC": "Creditors For Retention - Domestic",
        "VENDOR CODE": 150350,
        "VENDOR NAME": "HEIN LEHMANN INDIA PRIVATE LIMITED",
        "VENDOR SITE": "CHENNAI",
        "DOC CATEGORY": "TFS BV CITI LABOUR EPAY",
        "DOC NUMBER": 51406927,
        "DOC DATE": "12-02-22",
        "INVOICE NO": 51306927,
        "SUPPLIER BILL NO": 105,
        "NARRATION": "",
        "DOC STATUS": "",
        "GL DATE": "12-02-22",
        " DEBIT AMOUNT ": " 842,495.10 ",
        " CREDIT AMOUNT ": " -   ",
        "INVOICE/ PAYMENT": "",
        "EVENT TYPE": "",
        "Remarks": "",
        "": ""
    },
    {
        "DIV": "08",
        "GL CODE": 20810,
        "GL DESC": "Creditors For Retention - Domestic",
        "VENDOR CODE": 150350,
        "VENDOR NAME": "HEIN LEHMANN INDIA PRIVATE LIMITED",
        "VENDOR SITE": "CHENNAI",
        "DOC CATEGORY": "TFS BV CITI LABOUR EPAY",
        "DOC NUMBER": 51406927,
        "DOC DATE": "12-02-22",
        "INVOICE NO": 51306927,
        "SUPPLIER BILL NO": "105-CM-RET",
        "NARRATION": "",
        "DOC STATUS": "",
        "GL DATE": "14-02-22",
        " DEBIT AMOUNT ": " -   ",
        " CREDIT AMOUNT ": " 842,495.10 ",
        "INVOICE/ PAYMENT": "",
        "EVENT TYPE": "",
        "Remarks": "",
        "": ""
    },
    {
        "DIV": "08",
        "GL CODE": 20810,
        "GL DESC": "Creditors For Retention - Domestic",
        "VENDOR CODE": 150350,
        "VENDOR NAME": "HEIN LEHMANN INDIA PRIVATE LIMITED",
        "VENDOR SITE": "CHENNAI",
        "DOC CATEGORY": "TFS BV CITI LABOUR EPAY",
        "DOC NUMBER": 51406927,
        "DOC DATE": "12-02-22",
        "INVOICE NO": 51306927,
        "SUPPLIER BILL NO": "105-SI-RET",
        "NARRATION": "",
        "DOC STATUS": "",
        "GL DATE": "14-02-22",
        " DEBIT AMOUNT ": " -   ",
        " CREDIT AMOUNT ": " 842,495.10 ",
        "INVOICE/ PAYMENT": "",
        "EVENT TYPE": "",
        "Remarks": "",
        "": ""
    },
    {
        "DIV": "08",
        "GL CODE": 20321,
        "GL DESC": "Creditors For Goods - Domestic",
        "VENDOR CODE": 150350,
        "VENDOR NAME": "HEIN LEHMANN INDIA PRIVATE LIMITED",
        "VENDOR SITE": "CHENNAI",
        "DOC CATEGORY": "TFS BV CITI LABOUR EPAY",
        "DOC NUMBER": 51406928,
        "DOC DATE": "14-02-22",
        "INVOICE NO": 51306928,
        "SUPPLIER BILL NO": 105,
        "NARRATION": "",
        "DOC STATUS": "",
        "GL DATE": "14-02-22",
        " DEBIT AMOUNT ": " 8,256,442.19 ",
        " CREDIT AMOUNT ": " 842,495.10 ",
        "INVOICE/ PAYMENT": "",
        "EVENT TYPE": "",
        "Remarks": "",
        "": ""
    },
    {
        "DIV": "08",
        "GL CODE": 20321,
        "GL DESC": "Creditors For Goods - Domestic",
        "VENDOR CODE": 150350,
        "VENDOR NAME": "HEIN LEHMANN INDIA PRIVATE LIMITED",
        "VENDOR SITE": "CHENNAI",
        "DOC CATEGORY": "TFS BV CITI LABOUR EPAY",
        "DOC NUMBER": 51406928,
        "DOC DATE": "14-02-22",
        "INVOICE NO": 51306928,
        "SUPPLIER BILL NO": "105-CM-RET",
        "NARRATION": "",
        "DOC STATUS": "",
        "GL DATE": "14-02-22",
        " DEBIT AMOUNT ": " 8,256,442.19 ",
        " CREDIT AMOUNT ": " 842,495.10 ",
        "INVOICE/ PAYMENT": "",
        "EVENT TYPE": "",
        "Remarks": "",
        "": ""
    },
    {
        "DIV": "08",
        "GL CODE": 20810,
        "GL DESC": "Creditors For Retention - Domestic",
        "VENDOR CODE": 150350,
        "VENDOR NAME": "HEIN LEHMANN INDIA PRIVATE LIMITED",
        "VENDOR SITE": "CHENNAI",
        "DOC CATEGORY": "TFS BV CITI LABOUR EPAY",
        "DOC NUMBER": 51406927,
        "DOC DATE": "12-02-22",
        "INVOICE NO": 51306927,
        "SUPPLIER BILL NO": 105,
        "NARRATION": "",
        "DOC STATUS": "",
        "GL DATE": "14-02-22",
        " DEBIT AMOUNT ": " -   ",
        " CREDIT AMOUNT ": " 842,495.10 ",
        "INVOICE/ PAYMENT": "",
        "EVENT TYPE": "",
        "Remarks": "",
        "": ""
    },
    {
        "DIV": "08",
        "GL CODE": 20321,
        "GL DESC": "Creditors For Goods - Domestic",
        "VENDOR CODE": 150350,
        "VENDOR NAME": "HEIN LEHMANN INDIA PRIVATE LIMITED",
        "VENDOR SITE": "CHENNAI",
        "DOC CATEGORY": "TFS BV CITI LABOUR EPAY",
        "DOC NUMBER": 51406927,
        "DOC DATE": "12-02-22",
        "INVOICE NO": 51306927,
        "SUPPLIER BILL NO": "105-SI-RET",
        "NARRATION": "",
        "DOC STATUS": "",
        "GL DATE": "14-02-22",
        " DEBIT AMOUNT ": " 842,495.10 ",
        " CREDIT AMOUNT ": " 6,739,951.00 ",
        "INVOICE/ PAYMENT": "",
        "EVENT TYPE": "",
        "Remarks": "",
        "": ""
    },
    {
        "DIV": "08",
        "GL CODE": 20321,
        "GL DESC": "Creditors For Goods - Domestic",
        "VENDOR CODE": 150350,
        "VENDOR NAME": "HEIN LEHMANN INDIA PRIVATE LIMITED",
        "VENDOR SITE": "CHENNAI",
        "DOC CATEGORY": "TFS BV CITI LABOUR EPAY",
        "DOC NUMBER": 51406927,
        "DOC DATE": "12-02-22",
        "INVOICE NO": 51306927,
        "SUPPLIER BILL NO": "105-CM-RET",
        "NARRATION": "",
        "DOC STATUS": "",
        "GL DATE": "14-02-22",
        " DEBIT AMOUNT ": " 842,495.10 ",
        " CREDIT AMOUNT ": " 6,739,951.00 ",
        "INVOICE/ PAYMENT": "",
        "EVENT TYPE": "",
        "Remarks": "",
        "": ""
    },
    {
        "DIV": "08",
        "GL CODE": 20321,
        "GL DESC": "Creditors For Goods - Domestic",
        "VENDOR CODE": 150350,
        "VENDOR NAME": "HEIN LEHMANN INDIA PRIVATE LIMITED",
        "VENDOR SITE": "CHENNAI",
        "DOC CATEGORY": "TFS BV CITI LABOUR EPAY",
        "DOC NUMBER": 51406928,
        "DOC DATE": "14-02-22",
        "INVOICE NO": 51306928,
        "SUPPLIER BILL NO": 105,
        "NARRATION": "",
        "DOC STATUS": "",
        "GL DATE": "14-02-22",
        " DEBIT AMOUNT ": " 8,256,442.19 ",
        " CREDIT AMOUNT ": " 842,495.10 ",
        "INVOICE/ PAYMENT": "",
        "EVENT TYPE": "",
        "Remarks": "",
        "": ""
    },
    {
        "DIV": "08",
        "GL CODE": 20810,
        "GL DESC": "Creditors For Retention - Domestic",
        "VENDOR CODE": 150350,
        "VENDOR NAME": "HEIN LEHMANN INDIA PRIVATE LIMITED",
        "VENDOR SITE": "CHENNAI",
        "DOC CATEGORY": "TFS BV CITI LABOUR EPAY",
        "DOC NUMBER": 51406927,
        "DOC DATE": "12-02-22",
        "INVOICE NO": 51306927,
        "SUPPLIER BILL NO": "105-SI-RET",
        "NARRATION": "",
        "DOC STATUS": "",
        "GL DATE": "14-02-22",
        " DEBIT AMOUNT ": " -   ",
        " CREDIT AMOUNT ": " 842,495.10 ",
        "INVOICE/ PAYMENT": "",
        "EVENT TYPE": "",
        "Remarks": "",
        "": ""
    },
    {
        "DIV": "08",
        "GL CODE": 20321,
        "GL DESC": "Creditors For Goods - Domestic",
        "VENDOR CODE": 150350,
        "VENDOR NAME": "HEIN LEHMANN INDIA PRIVATE LIMITED",
        "VENDOR SITE": "CHENNAI",
        "DOC CATEGORY": "TFS BV CITI LABOUR EPAY",
        "DOC NUMBER": 51406927,
        "DOC DATE": "12-02-22",
        "INVOICE NO": 51306927,
        "SUPPLIER BILL NO": "105-SI-RET",
        "NARRATION": "",
        "DOC STATUS": "",
        "GL DATE": "14-02-22",
        " DEBIT AMOUNT ": " 842,495.10 ",
        " CREDIT AMOUNT ": " 6,739,951.00 ",
        "INVOICE/ PAYMENT": "",
        "EVENT TYPE": "",
        "Remarks": "",
        "": ""
    },
    {
        "DIV": "08",
        "GL CODE": 20810,
        "GL DESC": "Creditors For Retention - Domestic",
        "VENDOR CODE": 150350,
        "VENDOR NAME": "HEIN LEHMANN INDIA PRIVATE LIMITED",
        "VENDOR SITE": "CHENNAI",
        "DOC CATEGORY": "TFS BV CITI LABOUR EPAY",
        "DOC NUMBER": 51406927,
        "DOC DATE": "12-02-22",
        "INVOICE NO": 51306927,
        "SUPPLIER BILL NO": "105-CM-RET",
        "NARRATION": "",
        "DOC STATUS": "",
        "GL DATE": "14-02-22",
        " DEBIT AMOUNT ": " -   ",
        " CREDIT AMOUNT ": " 842,495.10 ",
        "INVOICE/ PAYMENT": "",
        "EVENT TYPE": "",
        "Remarks": "",
        "": ""
    },
    {
        "DIV": "08",
        "GL CODE": 20321,
        "GL DESC": "Creditors For Goods - Domestic",
        "VENDOR CODE": 150350,
        "VENDOR NAME": "HEIN LEHMANN INDIA PRIVATE LIMITED",
        "VENDOR SITE": "CHENNAI",
        "DOC CATEGORY": "TFS BV CITI LABOUR EPAY",
        "DOC NUMBER": 51406927,
        "DOC DATE": "12-02-22",
        "INVOICE NO": 51306927,
        "SUPPLIER BILL NO": "105-CM-RET",
        "NARRATION": "",
        "DOC STATUS": "",
        "GL DATE": "14-02-22",
        " DEBIT AMOUNT ": " 842,495.10 ",
        " CREDIT AMOUNT ": " 6,739,951.00 ",
        "INVOICE/ PAYMENT": "",
        "EVENT TYPE": "",
        "Remarks": "",
        "": ""
    },
    {
        "DIV": "08",
        "GL CODE": 20810,
        "GL DESC": "Creditors For Retention - Domestic",
        "VENDOR CODE": 150350,
        "VENDOR NAME": "HEIN LEHMANN INDIA PRIVATE LIMITED",
        "VENDOR SITE": "CHENNAI",
        "DOC CATEGORY": "TFS BV CITI LABOUR EPAY",
        "DOC NUMBER": 51406927,
        "DOC DATE": "12-02-22",
        "INVOICE NO": 51306927,
        "SUPPLIER BILL NO": 105,
        "NARRATION": "",
        "DOC STATUS": "",
        "GL DATE": "14-02-22",
        " DEBIT AMOUNT ": " -   ",
        " CREDIT AMOUNT ": " 842,495.10 ",
        "INVOICE/ PAYMENT": "",
        "EVENT TYPE": "",
        "Remarks": "",
        "": ""
    },
    {
        "DIV": "08",
        "GL CODE": 20321,
        "GL DESC": "Creditors For Goods - Domestic",
        "VENDOR CODE": 150350,
        "VENDOR NAME": "HEIN LEHMANN INDIA PRIVATE LIMITED",
        "VENDOR SITE": "CHENNAI",
        "DOC CATEGORY": "TFS BV CITI LABOUR EPAY",
        "DOC NUMBER": 51406927,
        "DOC DATE": "12-02-22",
        "INVOICE NO": 51306927,
        "SUPPLIER BILL NO": 105,
        "NARRATION": "",
        "DOC STATUS": "",
        "GL DATE": "14-02-22",
        " DEBIT AMOUNT ": " 842,495.10 ",
        " CREDIT AMOUNT ": " 6,739,951.00 ",
        "INVOICE/ PAYMENT": "",
        "EVENT TYPE": "",
        "Remarks": "",
        "": ""
    },
    {
        "DIV": "08",
        "GL CODE": 20321,
        "GL DESC": "Creditors For Goods - Domestic",
        "VENDOR CODE": 150350,
        "VENDOR NAME": "HEIN LEHMANN INDIA PRIVATE LIMITED",
        "VENDOR SITE": "CHENNAI",
        "DOC CATEGORY": "TFS BV CITI LABOUR EPAY",
        "DOC NUMBER": 51406927,
        "DOC DATE": "12-02-22",
        "INVOICE NO": 51306927,
        "SUPPLIER BILL NO": 105,
        "NARRATION": "",
        "DOC STATUS": "",
        "GL DATE": "14-02-22",
        " DEBIT AMOUNT ": " 842,495.10 ",
        " CREDIT AMOUNT ": " 6,739,951.00 ",
        "INVOICE/ PAYMENT": "",
        "EVENT TYPE": "",
        "Remarks": "",
        "": ""
    },
    {
        "DIV": "08",
        "GL CODE": 20321,
        "GL DESC": "Creditors For Goods - Domestic",
        "VENDOR CODE": 150350,
        "VENDOR NAME": "HEIN LEHMANN INDIA PRIVATE LIMITED",
        "VENDOR SITE": "CHENNAI",
        "DOC CATEGORY": "STD INV",
        "DOC NUMBER": 3928467,
        "DOC DATE": "30-01-22",
        "INVOICE NO": "ERS-4000028300-1899131",
        "SUPPLIER BILL NO": 114,
        "NARRATION": "Receipt Invoice automatically created on 30-JAN-22",
        "DOC STATUS": "",
        "GL DATE": "28-02-22",
        " DEBIT AMOUNT ": " 750,000.00 ",
        " CREDIT AMOUNT ": " 4,424,947.50 ",
        "INVOICE/ PAYMENT": "",
        "EVENT TYPE": "",
        "Remarks": "",
        "": ""
    },
    {
        "DIV": "08",
        "GL CODE": 45030,
        "GL DESC": "Advances to Suppliers - Goods",
        "VENDOR CODE": 150350,
        "VENDOR NAME": "HEIN LEHMANN INDIA PRIVATE LIMITED",
        "VENDOR SITE": "CHENNAI",
        "DOC CATEGORY": "STD INV",
        "DOC NUMBER": 3928467,
        "DOC DATE": "30-01-22",
        "INVOICE NO": "ERS-4000028300-1899131",
        "SUPPLIER BILL NO": 114,
        "NARRATION": "Receipt Invoice automatically created on 30-JAN-22",
        "DOC STATUS": "",
        "GL DATE": "28-02-22",
        " DEBIT AMOUNT ": " -   ",
        " CREDIT AMOUNT ": " 750,000.00 ",
        "INVOICE/ PAYMENT": "",
        "EVENT TYPE": "",
        "Remarks": "",
        "": ""
    },
    {
        "DIV": "08",
        "GL CODE": 20810,
        "GL DESC": "Creditors For Retention - Domestic",
        "VENDOR CODE": 150350,
        "VENDOR NAME": "HEIN LEHMANN INDIA PRIVATE LIMITED",
        "VENDOR SITE": "CHENNAI",
        "DOC CATEGORY": "STD INV",
        "DOC NUMBER": 3957925,
        "DOC DATE": "30-01-22",
        "INVOICE NO": "SRET-ERS-4000028300-1899131",
        "SUPPLIER BILL NO": "114-SI-RET",
        "NARRATION": "STD INV for Invoice Num ERS-4000028300-1899131",
        "DOC STATUS": "",
        "GL DATE": "28-02-22",
        " DEBIT AMOUNT ": " -   ",
        " CREDIT AMOUNT ": " 374,995.55 ",
        "INVOICE/ PAYMENT": "",
        "EVENT TYPE": "",
        "Remarks": "",
        "": ""
    },
    {
        "DIV": "08",
        "GL CODE": 20321,
        "GL DESC": "Creditors For Goods - Domestic",
        "VENDOR CODE": 150350,
        "VENDOR NAME": "HEIN LEHMANN INDIA PRIVATE LIMITED",
        "VENDOR SITE": "CHENNAI",
        "DOC CATEGORY": "CRM INV",
        "DOC NUMBER": 2942640,
        "DOC DATE": "30-01-22",
        "INVOICE NO": "RET-ERS-4000028300-1899131",
        "SUPPLIER BILL NO": "114-CM-RET",
        "NARRATION": "CN for Invoice Num ERS-4000028300-1899131",
        "DOC STATUS": "",
        "GL DATE": "28-02-22",
        " DEBIT AMOUNT ": " 374,995.55 ",
        " CREDIT AMOUNT ": " -   ",
        "INVOICE/ PAYMENT": "",
        "EVENT TYPE": "",
        "Remarks": "",
        "": ""
    },
    {
        "DIV": "08",
        "GL CODE": 20321,
        "GL DESC": "Creditors For Goods - Domestic",
        "VENDOR CODE": 150350,
        "VENDOR NAME": "HEIN LEHMANN INDIA PRIVATE LIMITED",
        "VENDOR SITE": "CHENNAI",
        "DOC CATEGORY": "CRM INV",
        "DOC NUMBER": 2950001,
        "DOC DATE": "25-02-22",
        "INVOICE NO": "RET-ERS-4000028586-1911939",
        "SUPPLIER BILL NO": "132-CM-RET",
        "NARRATION": "CN for Invoice Num ERS-4000028586-1911939",
        "DOC STATUS": "",
        "GL DATE": "11-03-22",
        " DEBIT AMOUNT ": " 158,000.00 ",
        " CREDIT AMOUNT ": " -   ",
        "INVOICE/ PAYMENT": "",
        "EVENT TYPE": "",
        "Remarks": "",
        "": ""
    },
    {
        "DIV": "08",
        "GL CODE": 20321,
        "GL DESC": "Creditors For Goods - Domestic",
        "VENDOR CODE": 150350,
        "VENDOR NAME": "HEIN LEHMANN INDIA PRIVATE LIMITED",
        "VENDOR SITE": "CHENNAI",
        "DOC CATEGORY": "CRM INV",
        "DOC NUMBER": 2950289,
        "DOC DATE": "25-02-22",
        "INVOICE NO": "RET-ERS-4000028583-1911937",
        "SUPPLIER BILL NO": "130-CM-RET",
        "NARRATION": "CN for Invoice Num ERS-4000028583-1911937",
        "DOC STATUS": "",
        "GL DATE": "11-03-22",
        " DEBIT AMOUNT ": " 282,500.24 ",
        " CREDIT AMOUNT ": " -   ",
        "INVOICE/ PAYMENT": "",
        "EVENT TYPE": "",
        "Remarks": "",
        "": ""
    },
    {
        "DIV": "08",
        "GL CODE": 20810,
        "GL DESC": "Creditors For Retention - Domestic",
        "VENDOR CODE": 150350,
        "VENDOR NAME": "HEIN LEHMANN INDIA PRIVATE LIMITED",
        "VENDOR SITE": "CHENNAI",
        "DOC CATEGORY": "STD INV",
        "DOC NUMBER": 3971613,
        "DOC DATE": "25-02-22",
        "INVOICE NO": "SRET-ERS-4000028586-1911939",
        "SUPPLIER BILL NO": "132-SI-RET",
        "NARRATION": "STD INV for Invoice Num ERS-4000028586-1911939",
        "DOC STATUS": "",
        "GL DATE": "11-03-22",
        " DEBIT AMOUNT ": " -   ",
        " CREDIT AMOUNT ": " 158,000.00 ",
        "INVOICE/ PAYMENT": "",
        "EVENT TYPE": "",
        "Remarks": "",
        "": ""
    },
    {
        "DIV": "08",
        "GL CODE": 20810,
        "GL DESC": "Creditors For Retention - Domestic",
        "VENDOR CODE": 150350,
        "VENDOR NAME": "HEIN LEHMANN INDIA PRIVATE LIMITED",
        "VENDOR SITE": "CHENNAI",
        "DOC CATEGORY": "STD INV",
        "DOC NUMBER": 3972320,
        "DOC DATE": "25-02-22",
        "INVOICE NO": "SRET-ERS-4000028583-1911937",
        "SUPPLIER BILL NO": "130-SI-RET",
        "NARRATION": "STD INV for Invoice Num ERS-4000028583-1911937",
        "DOC STATUS": "",
        "GL DATE": "11-03-22",
        " DEBIT AMOUNT ": " -   ",
        " CREDIT AMOUNT ": " 282,500.24 ",
        "INVOICE/ PAYMENT": "",
        "EVENT TYPE": "",
        "Remarks": "",
        "": ""
    },
    {
        "DIV": "08",
        "GL CODE": 20810,
        "GL DESC": "Creditors For Retention - Domestic",
        "VENDOR CODE": 150350,
        "VENDOR NAME": "HEIN LEHMANN INDIA PRIVATE LIMITED",
        "VENDOR SITE": "CHENNAI",
        "DOC CATEGORY": "STD INV",
        "DOC NUMBER": 3972241,
        "DOC DATE": "25-02-22",
        "INVOICE NO": "SRET-ERS-4000028584-1911938",
        "SUPPLIER BILL NO": "131-SI-RET",
        "NARRATION": "STD INV for Invoice Num ERS-4000028584-1911938",
        "DOC STATUS": "",
        "GL DATE": "11-03-22",
        " DEBIT AMOUNT ": " -   ",
        " CREDIT AMOUNT ": " 282,500.24 ",
        "INVOICE/ PAYMENT": "",
        "EVENT TYPE": "",
        "Remarks": "",
        "": ""
    },
    {
        "DIV": "08",
        "GL CODE": 20321,
        "GL DESC": "Creditors For Goods - Domestic",
        "VENDOR CODE": 150350,
        "VENDOR NAME": "HEIN LEHMANN INDIA PRIVATE LIMITED",
        "VENDOR SITE": "CHENNAI",
        "DOC CATEGORY": "CRM INV",
        "DOC NUMBER": 2950242,
        "DOC DATE": "25-02-22",
        "INVOICE NO": "ERS-4000028584-1911938-TDS-CM-881330",
        "SUPPLIER BILL NO": "131-TDS",
        "NARRATION": "ERS-4000028584-1911938-TDS-CM-881330",
        "DOC STATUS": "",
        "GL DATE": "11-03-22",
        " DEBIT AMOUNT ": " 2,825.00 ",
        " CREDIT AMOUNT ": " -   ",
        "INVOICE/ PAYMENT": "",
        "EVENT TYPE": "",
        "Remarks": "",
        "": ""
    },
    {
        "DIV": "08",
        "GL CODE": 20321,
        "GL DESC": "Creditors For Goods - Domestic",
        "VENDOR CODE": 150350,
        "VENDOR NAME": "HEIN LEHMANN INDIA PRIVATE LIMITED",
        "VENDOR SITE": "CHENNAI",
        "DOC CATEGORY": "CRM INV",
        "DOC NUMBER": 2950297,
        "DOC DATE": "25-02-22",
        "INVOICE NO": "ERS-4000028583-1911937-TDS-CM-881379",
        "SUPPLIER BILL NO": "130-TDS",
        "NARRATION": "ERS-4000028583-1911937-TDS-CM-881379",
        "DOC STATUS": "",
        "GL DATE": "11-03-22",
        " DEBIT AMOUNT ": " 2,825.00 ",
        " CREDIT AMOUNT ": " -   ",
        "INVOICE/ PAYMENT": "",
        "EVENT TYPE": "",
        "Remarks": "",
        "": ""
    },
    {
        "DIV": "08",
        "GL CODE": 45030,
        "GL DESC": "Advances to Suppliers - Goods",
        "VENDOR CODE": 150350,
        "VENDOR NAME": "HEIN LEHMANN INDIA PRIVATE LIMITED",
        "VENDOR SITE": "CHENNAI",
        "DOC CATEGORY": "STD INV",
        "DOC NUMBER": 3955688,
        "DOC DATE": "25-02-22",
        "INVOICE NO": "ERS-4000028584-1911938",
        "SUPPLIER BILL NO": 131,
        "NARRATION": "Receipt Invoice automatically created on 25-FEB-22",
        "DOC STATUS": "",
        "GL DATE": "11-03-22",
        " DEBIT AMOUNT ": " -   ",
        " CREDIT AMOUNT ": " 565,000.00 ",
        "INVOICE/ PAYMENT": "",
        "EVENT TYPE": "",
        "Remarks": "",
        "": ""
    },
    {
        "DIV": "08",
        "GL CODE": 20321,
        "GL DESC": "Creditors For Goods - Domestic",
        "VENDOR CODE": 150350,
        "VENDOR NAME": "HEIN LEHMANN INDIA PRIVATE LIMITED",
        "VENDOR SITE": "CHENNAI",
        "DOC CATEGORY": "CRM INV",
        "DOC NUMBER": 2950234,
        "DOC DATE": "25-02-22",
        "INVOICE NO": "RET-ERS-4000028584-1911938",
        "SUPPLIER BILL NO": "131-CM-RET",
        "NARRATION": "CN for Invoice Num ERS-4000028584-1911938",
        "DOC STATUS": "",
        "GL DATE": "11-03-22",
        " DEBIT AMOUNT ": " 282,500.24 ",
        " CREDIT AMOUNT ": " -   ",
        "INVOICE/ PAYMENT": "",
        "EVENT TYPE": "",
        "Remarks": "",
        "": ""
    },
    {
        "DIV": "08",
        "GL CODE": 45030,
        "GL DESC": "Advances to Suppliers - Goods",
        "VENDOR CODE": 150350,
        "VENDOR NAME": "HEIN LEHMANN INDIA PRIVATE LIMITED",
        "VENDOR SITE": "CHENNAI",
        "DOC CATEGORY": "STD INV",
        "DOC NUMBER": 3955687,
        "DOC DATE": "25-02-22",
        "INVOICE NO": "ERS-4000028583-1911937",
        "SUPPLIER BILL NO": 130,
        "NARRATION": "Receipt Invoice automatically created on 25-FEB-22",
        "DOC STATUS": "",
        "GL DATE": "11-03-22",
        " DEBIT AMOUNT ": " -   ",
        " CREDIT AMOUNT ": " 565,000.00 ",
        "INVOICE/ PAYMENT": "",
        "EVENT TYPE": "",
        "Remarks": "",
        "": ""
    },
    {
        "DIV": "08",
        "GL CODE": 20321,
        "GL DESC": "Creditors For Goods - Domestic",
        "VENDOR CODE": 150350,
        "VENDOR NAME": "HEIN LEHMANN INDIA PRIVATE LIMITED",
        "VENDOR SITE": "CHENNAI",
        "DOC CATEGORY": "TFS BV CITI EPAY",
        "DOC NUMBER": 551290,
        "DOC DATE": "15-03-22",
        "INVOICE NO": 95113910,
        "SUPPLIER BILL NO": 114,
        "NARRATION": "",
        "DOC STATUS": "",
        "GL DATE": "15-03-22",
        " DEBIT AMOUNT ": " 2,999,955.50 ",
        " CREDIT AMOUNT ": " 374,995.55 ",
        "INVOICE/ PAYMENT": "",
        "EVENT TYPE": "",
        "Remarks": "",
        "": ""
    },
    {
        "DIV": "08",
        "GL CODE": 20321,
        "GL DESC": "Creditors For Goods - Domestic",
        "VENDOR CODE": 150350,
        "VENDOR NAME": "HEIN LEHMANN INDIA PRIVATE LIMITED",
        "VENDOR SITE": "CHENNAI",
        "DOC CATEGORY": "TFS BV CITI EPAY",
        "DOC NUMBER": 551290,
        "DOC DATE": "15-03-22",
        "INVOICE NO": 95113910,
        "SUPPLIER BILL NO": "114-CM-RET",
        "NARRATION": "",
        "DOC STATUS": "",
        "GL DATE": "15-03-22",
        " DEBIT AMOUNT ": " 2,999,955.50 ",
        " CREDIT AMOUNT ": " 374,995.55 ",
        "INVOICE/ PAYMENT": "",
        "EVENT TYPE": "",
        "Remarks": "",
        "": ""
    },
    {
        "DIV": "08",
        "GL CODE": 45030,
        "GL DESC": "Advances to Suppliers - Goods",
        "VENDOR CODE": 150350,
        "VENDOR NAME": "HEIN LEHMANN INDIA PRIVATE LIMITED",
        "VENDOR SITE": "CHENNAI",
        "DOC CATEGORY": "STD INV",
        "DOC NUMBER": 3928467,
        "DOC DATE": "30-01-22",
        "INVOICE NO": "ERS-4000028300-1899131",
        "SUPPLIER BILL NO": 114,
        "NARRATION": "Receipt Invoice automatically created on 30-JAN-22",
        "DOC STATUS": "",
        "GL DATE": "31-03-22",
        " DEBIT AMOUNT ": " -   ",
        " CREDIT AMOUNT ": " 68,090.40 ",
        "INVOICE/ PAYMENT": "",
        "EVENT TYPE": "",
        "Remarks": "",
        "": ""
    },
    {
        "DIV": "08",
        "GL CODE": 20321,
        "GL DESC": "Creditors For Goods - Domestic",
        "VENDOR CODE": 150350,
        "VENDOR NAME": "HEIN LEHMANN INDIA PRIVATE LIMITED",
        "VENDOR SITE": "CHENNAI",
        "DOC CATEGORY": "STD INV",
        "DOC NUMBER": 3928467,
        "DOC DATE": "30-01-22",
        "INVOICE NO": "ERS-4000028300-1899131",
        "SUPPLIER BILL NO": 114,
        "NARRATION": "Receipt Invoice automatically created on 30-JAN-22",
        "DOC STATUS": "",
        "GL DATE": "31-03-22",
        " DEBIT AMOUNT ": " 68,090.40 ",
        " CREDIT AMOUNT ": " -   ",
        "INVOICE/ PAYMENT": "",
        "EVENT TYPE": "",
        "Remarks": "",
        "": ""
    },
    {
        "DIV": "08",
        "GL CODE": 20321,
        "GL DESC": "Creditors For Goods - Domestic",
        "VENDOR CODE": 150350,
        "VENDOR NAME": "HEIN LEHMANN INDIA PRIVATE LIMITED",
        "VENDOR SITE": "CHENNAI",
        "DOC CATEGORY": "TFS BV CITI EPAY",
        "DOC NUMBER": 552015,
        "DOC DATE": "13-04-22",
        "INVOICE NO": 95114682,
        "SUPPLIER BILL NO": "130-TDS",
        "NARRATION": "",
        "DOC STATUS": "",
        "GL DATE": "13-04-22",
        " DEBIT AMOUNT ": " 3,375,404.43 ",
        " CREDIT AMOUNT ": " 285,325.24 ",
        "INVOICE/ PAYMENT": "",
        "EVENT TYPE": "",
        "Remarks": "",
        "": ""
    },
    {
        "DIV": "08",
        "GL CODE": 20321,
        "GL DESC": "Creditors For Goods - Domestic",
        "VENDOR CODE": 150350,
        "VENDOR NAME": "HEIN LEHMANN INDIA PRIVATE LIMITED",
        "VENDOR SITE": "CHENNAI",
        "DOC CATEGORY": "TFS BV CITI EPAY",
        "DOC NUMBER": 552015,
        "DOC DATE": "13-04-22",
        "INVOICE NO": 95114682,
        "SUPPLIER BILL NO": 130,
        "NARRATION": "",
        "DOC STATUS": "",
        "GL DATE": "13-04-22",
        " DEBIT AMOUNT ": " 3,375,404.43 ",
        " CREDIT AMOUNT ": " 285,325.24 ",
        "INVOICE/ PAYMENT": "",
        "EVENT TYPE": "",
        "Remarks": "",
        "": ""
    },
    {
        "DIV": "08",
        "GL CODE": 20321,
        "GL DESC": "Creditors For Goods - Domestic",
        "VENDOR CODE": 150350,
        "VENDOR NAME": "HEIN LEHMANN INDIA PRIVATE LIMITED",
        "VENDOR SITE": "CHENNAI",
        "DOC CATEGORY": "TFS BV CITI EPAY",
        "DOC NUMBER": 552015,
        "DOC DATE": "13-04-22",
        "INVOICE NO": 95114682,
        "SUPPLIER BILL NO": 130,
        "NARRATION": "",
        "DOC STATUS": "",
        "GL DATE": "13-04-22",
        " DEBIT AMOUNT ": " 3,375,404.43 ",
        " CREDIT AMOUNT ": " 285,325.24 ",
        "INVOICE/ PAYMENT": "",
        "EVENT TYPE": "",
        "Remarks": "",
        "": ""
    },
    {
        "DIV": "08",
        "GL CODE": 20321,
        "GL DESC": "Creditors For Goods - Domestic",
        "VENDOR CODE": 150350,
        "VENDOR NAME": "HEIN LEHMANN INDIA PRIVATE LIMITED",
        "VENDOR SITE": "CHENNAI",
        "DOC CATEGORY": "TFS BV CITI EPAY",
        "DOC NUMBER": 552015,
        "DOC DATE": "13-04-22",
        "INVOICE NO": 95114682,
        "SUPPLIER BILL NO": 114,
        "NARRATION": "",
        "DOC STATUS": "",
        "GL DATE": "13-04-22",
        " DEBIT AMOUNT ": " 3,375,404.43 ",
        " CREDIT AMOUNT ": " 285,325.24 ",
        "INVOICE/ PAYMENT": "",
        "EVENT TYPE": "",
        "Remarks": "",
        "": ""
    },
    {
        "DIV": "08",
        "GL CODE": 20321,
        "GL DESC": "Creditors For Goods - Domestic",
        "VENDOR CODE": 150350,
        "VENDOR NAME": "HEIN LEHMANN INDIA PRIVATE LIMITED",
        "VENDOR SITE": "CHENNAI",
        "DOC CATEGORY": "TFS BV CITI EPAY",
        "DOC NUMBER": 552015,
        "DOC DATE": "13-04-22",
        "INVOICE NO": 95114682,
        "SUPPLIER BILL NO": "130-CM-RET",
        "NARRATION": "",
        "DOC STATUS": "",
        "GL DATE": "13-04-22",
        " DEBIT AMOUNT ": " 3,375,404.43 ",
        " CREDIT AMOUNT ": " 285,325.24 ",
        "INVOICE/ PAYMENT": "",
        "EVENT TYPE": "",
        "Remarks": "",
        "": ""
    },
    {
        "DIV": "08",
        "GL CODE": 20321,
        "GL DESC": "Creditors For Goods - Domestic",
        "VENDOR CODE": 150350,
        "VENDOR NAME": "HEIN LEHMANN INDIA PRIVATE LIMITED",
        "VENDOR SITE": "CHENNAI",
        "DOC CATEGORY": "TFS BV CITI LABOUR EPAY",
        "DOC NUMBER": 51407883,
        "DOC DATE": "21-04-22",
        "INVOICE NO": 51307883,
        "SUPPLIER BILL NO": 131,
        "NARRATION": "",
        "DOC STATUS": "",
        "GL DATE": "21-04-22",
        " DEBIT AMOUNT ": " 2,768,502.83 ",
        " CREDIT AMOUNT ": " 285,325.24 ",
        "INVOICE/ PAYMENT": "",
        "EVENT TYPE": "",
        "Remarks": "",
        "": ""
    },
    {
        "DIV": "08",
        "GL CODE": 20321,
        "GL DESC": "Creditors For Goods - Domestic",
        "VENDOR CODE": 150350,
        "VENDOR NAME": "HEIN LEHMANN INDIA PRIVATE LIMITED",
        "VENDOR SITE": "CHENNAI",
        "DOC CATEGORY": "TFS BV CITI LABOUR EPAY",
        "DOC NUMBER": 51407883,
        "DOC DATE": "21-04-22",
        "INVOICE NO": 51307883,
        "SUPPLIER BILL NO": "131-CM-RET",
        "NARRATION": "",
        "DOC STATUS": "",
        "GL DATE": "21-04-22",
        " DEBIT AMOUNT ": " 2,768,502.83 ",
        " CREDIT AMOUNT ": " 285,325.24 ",
        "INVOICE/ PAYMENT": "",
        "EVENT TYPE": "",
        "Remarks": "",
        "": ""
    },
    {
        "DIV": "08",
        "GL CODE": 20321,
        "GL DESC": "Creditors For Goods - Domestic",
        "VENDOR CODE": 150350,
        "VENDOR NAME": "HEIN LEHMANN INDIA PRIVATE LIMITED",
        "VENDOR SITE": "CHENNAI",
        "DOC CATEGORY": "TFS BV CITI LABOUR EPAY",
        "DOC NUMBER": 51407883,
        "DOC DATE": "21-04-22",
        "INVOICE NO": 51307883,
        "SUPPLIER BILL NO": "131-TDS",
        "NARRATION": "",
        "DOC STATUS": "",
        "GL DATE": "21-04-22",
        " DEBIT AMOUNT ": " 2,768,502.83 ",
        " CREDIT AMOUNT ": " 285,325.24 ",
        "INVOICE/ PAYMENT": "",
        "EVENT TYPE": "",
        "Remarks": "",
        "": ""
    },
    {
        "DIV": "08",
        "GL CODE": 20321,
        "GL DESC": "Creditors For Goods - Domestic",
        "VENDOR CODE": 150350,
        "VENDOR NAME": "HEIN LEHMANN INDIA PRIVATE LIMITED",
        "VENDOR SITE": "CHENNAI",
        "DOC CATEGORY": "TFS BV CITI LABOUR EPAY",
        "DOC NUMBER": 51407883,
        "DOC DATE": "21-04-22",
        "INVOICE NO": 51307883,
        "SUPPLIER BILL NO": 131,
        "NARRATION": "",
        "DOC STATUS": "",
        "GL DATE": "21-04-22",
        " DEBIT AMOUNT ": " 2,768,502.83 ",
        " CREDIT AMOUNT ": " 285,325.24 ",
        "INVOICE/ PAYMENT": "",
        "EVENT TYPE": "",
        "Remarks": "",
        "": ""
    },
    {
        "DIV": "08",
        "GL CODE": 20321,
        "GL DESC": "Creditors For Goods - Domestic",
        "VENDOR CODE": 150350,
        "VENDOR NAME": "HEIN LEHMANN INDIA PRIVATE LIMITED",
        "VENDOR SITE": "CHENNAI",
        "DOC CATEGORY": "TFS BV CITI LABOUR EPAY",
        "DOC NUMBER": 51408221,
        "DOC DATE": "31-05-22",
        "INVOICE NO": 51308221,
        "SUPPLIER BILL NO": 132,
        "NARRATION": "",
        "DOC STATUS": "",
        "GL DATE": "31-05-22",
        " DEBIT AMOUNT ": " 1,864,400.00 ",
        " CREDIT AMOUNT ": " 158,000.00 ",
        "INVOICE/ PAYMENT": "",
        "EVENT TYPE": "",
        "Remarks": "",
        "": ""
    },
    {
        "DIV": "08",
        "GL CODE": 20321,
        "GL DESC": "Creditors For Goods - Domestic",
        "VENDOR CODE": 150350,
        "VENDOR NAME": "HEIN LEHMANN INDIA PRIVATE LIMITED",
        "VENDOR SITE": "CHENNAI",
        "DOC CATEGORY": "TFS BV CITI LABOUR EPAY",
        "DOC NUMBER": 51408221,
        "DOC DATE": "31-05-22",
        "INVOICE NO": 51308221,
        "SUPPLIER BILL NO": "132-CM-RET",
        "NARRATION": "",
        "DOC STATUS": "",
        "GL DATE": "31-05-22",
        " DEBIT AMOUNT ": " 1,864,400.00 ",
        " CREDIT AMOUNT ": " 158,000.00 ",
        "INVOICE/ PAYMENT": "",
        "EVENT TYPE": "",
        "Remarks": "",
        "": ""
    },
    {
        "DIV": "08",
        "GL CODE": 20321,
        "GL DESC": "Creditors For Goods - Domestic",
        "VENDOR CODE": 150350,
        "VENDOR NAME": "HEIN LEHMANN INDIA PRIVATE LIMITED",
        "VENDOR SITE": "CHENNAI",
        "DOC CATEGORY": "TFS BV CITI LABOUR EPAY",
        "DOC NUMBER": 51408221,
        "DOC DATE": "31-05-22",
        "INVOICE NO": 51308221,
        "SUPPLIER BILL NO": 132,
        "NARRATION": "",
        "DOC STATUS": "",
        "GL DATE": "31-05-22",
        " DEBIT AMOUNT ": " 1,864,400.00 ",
        " CREDIT AMOUNT ": " 158,000.00 ",
        "INVOICE/ PAYMENT": "",
        "EVENT TYPE": "",
        "Remarks": "",
        "": ""
    },
    {
        "DIV": "",
        "GL CODE": "",
        "GL DESC": "",
        "VENDOR CODE": "",
        "VENDOR NAME": "",
        "VENDOR SITE": "",
        "DOC CATEGORY": "",
        "DOC NUMBER": "",
        "DOC DATE": "",
        "INVOICE NO": "",
        "SUPPLIER BILL NO": "",
        "NARRATION": "",
        "DOC STATUS": "",
        "GL DATE": "",
        " DEBIT AMOUNT ": "",
        " CREDIT AMOUNT ": "",
        "INVOICE/ PAYMENT": "",
        "EVENT TYPE": "",
        "Remarks": "",
        "": ""
    },
    {
        "DIV": "",
        "GL CODE": "",
        "GL DESC": "",
        "VENDOR CODE": "",
        "VENDOR NAME": "",
        "VENDOR SITE": "",
        "DOC CATEGORY": "",
        "DOC NUMBER": "",
        "DOC DATE": "",
        "INVOICE NO": "",
        "SUPPLIER BILL NO": "",
        "NARRATION": "",
        "DOC STATUS": "",
        "GL DATE": "",
        " DEBIT AMOUNT ": "",
        " CREDIT AMOUNT ": "",
        "INVOICE/ PAYMENT": "",
        "EVENT TYPE": "",
        "Remarks": "",
        "": ""
    },
    {
        "DIV": "",
        "GL CODE": "",
        "GL DESC": "",
        "VENDOR CODE": "",
        "VENDOR NAME": "",
        "VENDOR SITE": "",
        "DOC CATEGORY": "",
        "DOC NUMBER": "",
        "DOC DATE": "",
        "INVOICE NO": "",
        "SUPPLIER BILL NO": "",
        "NARRATION": "",
        "DOC STATUS": "",
        "GL DATE": "",
        " DEBIT AMOUNT ": "",
        " CREDIT AMOUNT ": "",
        "INVOICE/ PAYMENT": "",
        "EVENT TYPE": "",
        "Remarks": "",
        "": ""
    },
    {
        "DIV": "",
        "GL CODE": "",
        "GL DESC": "",
        "VENDOR CODE": "",
        "VENDOR NAME": "",
        "VENDOR SITE": "",
        "DOC CATEGORY": "",
        "DOC NUMBER": "",
        "DOC DATE": "",
        "INVOICE NO": "",
        "SUPPLIER BILL NO": "",
        "NARRATION": "",
        "DOC STATUS": "",
        "GL DATE": "",
        " DEBIT AMOUNT ": "",
        " CREDIT AMOUNT ": "",
        "INVOICE/ PAYMENT": "",
        "EVENT TYPE": "",
        "Remarks": "",
        "": ""
    },
    {
        "DIV": "",
        "GL CODE": "",
        "GL DESC": "",
        "VENDOR CODE": "",
        "VENDOR NAME": " 45,030.00 ",
        "VENDOR SITE": " Advance payment ",
        "DOC CATEGORY": "",
        "DOC NUMBER": " 632,496.10 ",
        "DOC DATE": 41,
        "INVOICE NO": "",
        "SUPPLIER BILL NO": " 45,030.00 ",
        "NARRATION": " Advance payment ",
        "DOC STATUS": "",
        "GL DATE": "",
        " DEBIT AMOUNT ": "",
        " CREDIT AMOUNT ": "",
        "INVOICE/ PAYMENT": "",
        "EVENT TYPE": "",
        "Remarks": "",
        "": ""
    },
    {
        "DIV": "",
        "GL CODE": "",
        "GL DESC": "",
        "VENDOR CODE": "",
        "VENDOR NAME": "",
        "VENDOR SITE": " Advance payment ",
        "DOC CATEGORY": "",
        "DOC NUMBER": " 632,496.10 ",
        "DOC DATE": " -44,483.00 ",
        "INVOICE NO": "",
        "SUPPLIER BILL NO": "",
        "NARRATION": " Advance payment ",
        "DOC STATUS": "",
        "GL DATE": "",
        " DEBIT AMOUNT ": "",
        " CREDIT AMOUNT ": "",
        "INVOICE/ PAYMENT": "",
        "EVENT TYPE": "",
        "Remarks": "",
        "": ""
    },
    {
        "DIV": "",
        "GL CODE": "",
        "GL DESC": "",
        "VENDOR CODE": "",
        "VENDOR NAME": "",
        "VENDOR SITE": " Total ",
        "DOC CATEGORY": "",
        "DOC NUMBER": " 1,264,992.20 ",
        "DOC DATE": "",
        "INVOICE NO": "",
        "SUPPLIER BILL NO": "",
        "NARRATION": " Total ",
        "DOC STATUS": "",
        "GL DATE": "",
        " DEBIT AMOUNT ": "",
        " CREDIT AMOUNT ": "",
        "INVOICE/ PAYMENT": "",
        "EVENT TYPE": "",
        "Remarks": "",
        "": ""
    },
    {
        "DIV": "",
        "GL CODE": "",
        "GL DESC": "",
        "VENDOR CODE": "",
        "VENDOR NAME": "",
        "VENDOR SITE": "",
        "DOC CATEGORY": "",
        "DOC NUMBER": "",
        "DOC DATE": "",
        "INVOICE NO": "",
        "SUPPLIER BILL NO": "",
        "NARRATION": "",
        "DOC STATUS": "",
        "GL DATE": "",
        " DEBIT AMOUNT ": "",
        " CREDIT AMOUNT ": "",
        "INVOICE/ PAYMENT": "",
        "EVENT TYPE": "",
        "Remarks": "",
        "": ""
    },
    {
        "DIV": "",
        "GL CODE": "",
        "GL DESC": "",
        "VENDOR CODE": "",
        "VENDOR NAME": "",
        "VENDOR SITE": " G Invoice ",
        "DOC CATEGORY": "",
        "DOC NUMBER": " 7,463,453.98 ",
        "DOC DATE": "",
        "INVOICE NO": "",
        "SUPPLIER BILL NO": "",
        "NARRATION": " G Invoice ",
        "DOC STATUS": "",
        "GL DATE": "",
        " DEBIT AMOUNT ": "",
        " CREDIT AMOUNT ": "",
        "INVOICE/ PAYMENT": "",
        "EVENT TYPE": "",
        "Remarks": "",
        "": ""
    },
    {
        "DIV": "",
        "GL CODE": "",
        "GL DESC": "",
        "VENDOR CODE": "",
        "VENDOR NAME": "",
        "VENDOR SITE": " Basic ",
        "DOC CATEGORY": "",
        "DOC NUMBER": " 6,324,961.00 ",
        "DOC DATE": "",
        "INVOICE NO": "",
        "SUPPLIER BILL NO": "",
        "NARRATION": " Basic ",
        "DOC STATUS": "",
        "GL DATE": "",
        " DEBIT AMOUNT ": "",
        " CREDIT AMOUNT ": "",
        "INVOICE/ PAYMENT": "",
        "EVENT TYPE": "",
        "Remarks": "",
        "": ""
    },
    {
        "DIV": "",
        "GL CODE": "",
        "GL DESC": "",
        "VENDOR CODE": "",
        "VENDOR NAME": "",
        "VENDOR SITE": " GST ",
        "DOC CATEGORY": "",
        "DOC NUMBER": " 1,138,492.98 ",
        "DOC DATE": "",
        "INVOICE NO": "",
        "SUPPLIER BILL NO": "",
        "NARRATION": " GST ",
        "DOC STATUS": "",
        "GL DATE": "",
        " DEBIT AMOUNT ": "",
        " CREDIT AMOUNT ": "",
        "INVOICE/ PAYMENT": "",
        "EVENT TYPE": "",
        "Remarks": "",
        "": ""
    },
    {
        "DIV": "",
        "GL CODE": "",
        "GL DESC": "",
        "VENDOR CODE": "",
        "VENDOR NAME": "",
        "VENDOR SITE": " Adv adh ",
        "DOC CATEGORY": "",
        "DOC NUMBER": " 1,264,992.20 ",
        "DOC DATE": "",
        "INVOICE NO": "",
        "SUPPLIER BILL NO": "",
        "NARRATION": " Adv adh ",
        "DOC STATUS": "",
        "GL DATE": "",
        " DEBIT AMOUNT ": "",
        " CREDIT AMOUNT ": "",
        "INVOICE/ PAYMENT": "",
        "EVENT TYPE": "",
        "Remarks": "",
        "": ""
    },
    {
        "DIV": "",
        "GL CODE": "",
        "GL DESC": "",
        "VENDOR CODE": "",
        "VENDOR NAME": "",
        "VENDOR SITE": " Payment ",
        "DOC CATEGORY": "",
        "DOC NUMBER": " 5,059,968.80 ",
        "DOC DATE": " 5,015,471.80 ",
        "INVOICE NO": "",
        "SUPPLIER BILL NO": "",
        "NARRATION": " Payment ",
        "DOC STATUS": "",
        "GL DATE": "",
        " DEBIT AMOUNT ": "",
        " CREDIT AMOUNT ": "",
        "INVOICE/ PAYMENT": "",
        "EVENT TYPE": "",
        "Remarks": "",
        "": ""
    },
    {
        "DIV": "",
        "GL CODE": "",
        "GL DESC": "",
        "VENDOR CODE": "",
        "VENDOR NAME": "",
        "VENDOR SITE": "",
        "DOC CATEGORY": "",
        "DOC NUMBER": " 4,427,472.70"
    }
]