[
    {
        "DATE": "26-10-21",
        "PARTICULARS": "Machines",
        "VCH TYPE": "Tax Sales",
        "VCH NO": 80,
        "Cr/Dr": "Cr",
        "DEBIT": 7463500,
        "CREDIT": 0,
        "BALANCE": 7463500,
        "INVOICE/ PO NO.": "",
        "GRN NO": "",
        "GST AMT": 0,
        "TDS AMT": 0,
        "RETENTION": "",
        "UTR NO": "",
        "REFERENCE TEXT": "",
        "": "",
        "Document No": 3853250,
        "Remark": "Matched based on invoice vlaue and to link the same document no mentioned herewith,Rs. 100 Rs. Tollerance you can take"
    },
    {
        "DATE": "16-11-21",
        "PARTICULARS": "Machines",
        "VCH TYPE": "Tax Sales",
        "VCH NO": 86,
        "Cr/Dr": "Cr",
        "DEBIT": 8171500,
        "CREDIT": 0,
        "BALANCE": 8171500,
        "INVOICE/ PO NO.": "",
        "GRN NO": "",
        "GST AMT": 0,
        "TDS AMT": 0,
        "RETENTION": "",
        "UTR NO": "",
        "REFERENCE TEXT": "",
        "": "",
        "Document No": 3867469,
        "Remark": "Matched based on invoice vlaue and to link the same document no mentioned herewith"
    },
    {
        "DATE": "10-12-21",
        "PARTICULARS": "Machines",
        "VCH TYPE": "Tax Sales",
        "VCH NO": 98,
        "Cr/Dr": "Cr",
        "DEBIT": 7817500,
        "CREDIT": " -   ",
        "BALANCE": 7817500,
        "INVOICE/ PO NO.": "",
        "GRN NO": "",
        "GST AMT": 0,
        "TDS AMT": 0,
        "RETENTION": "",
        "UTR NO": "",
        "REFERENCE TEXT": "",
        "": "",
        "Document No": 3882344,
        "Remark": "Matched based on invoice vlaue and to link the same document no mentioned herewith"
    },
    {
        "DATE": "13-12-21",
        "PARTICULARS": "ICICI Bank",
        "VCH TYPE": "Receipt",
        "VCH NO": 203,
        "Cr/Dr": "Dr",
        "DEBIT": 0,
        "CREDIT": " 4,427,464.90 ",
        "BALANCE": 4427464.9,
        "INVOICE/ PO NO.": "",
        "GRN NO": "",
        "GST AMT": 0,
        "TDS AMT": 0,
        "RETENTION": "",
        "UTR NO": "",
        "REFERENCE TEXT": "",
        "": "",
        "Document No": "",
        "Remark": ""
    },
    {
        "DATE": "29-12-21",
        "PARTICULARS": "Machines",
        "VCH TYPE": "Tax Sales",
        "VCH NO": 105,
        "Cr/Dr": "Cr",
        "DEBIT": 9941500,
        "CREDIT": " -   ",
        "BALANCE": 9941500,
        "INVOICE/ PO NO.": "",
        "GRN NO": "",
        "GST AMT": 0,
        "TDS AMT": 0,
        "RETENTION": "",
        "UTR NO": "",
        "REFERENCE TEXT": "",
        "": "",
        "Document No": 3897688,
        "Remark": "Matched based on invoice vlaue and to link the same document no mentioned herewith"
    },
    {
        "DATE": "05-01-22",
        "PARTICULARS": "ICICI Bank",
        "VCH TYPE": "Receipt",
        "VCH NO": 223,
        "Cr/Dr": "Dr",
        "DEBIT": 0,
        "CREDIT": " 4,840,513.35 ",
        "BALANCE": 4840513.35,
        "INVOICE/ PO NO.": "",
        "GRN NO": "",
        "GST AMT": 0,
        "TDS AMT": 0,
        "RETENTION": "",
        "UTR NO": "",
        "REFERENCE TEXT": "",
        "": "",
        "Document No": "",
        "Remark": ""
    },
    {
        "DATE": "19-01-22",
        "PARTICULARS": "ICICI Bank",
        "VCH TYPE": "Receipt",
        "VCH NO": 237,
        "Cr/Dr": "Dr",
        "DEBIT": 0,
        "CREDIT": " 5,823,316.95 ",
        "BALANCE": 5823316.95,
        "INVOICE/ PO NO.": "",
        "GRN NO": "",
        "GST AMT": 0,
        "TDS AMT": 0,
        "RETENTION": "",
        "UTR NO": "",
        "REFERENCE TEXT": "",
        "": "",
        "Document No": "",
        "Remark": ""
    },
    {
        "DATE": "21-01-22",
        "PARTICULARS": "ICICI Bank",
        "VCH TYPE": "Receipt",
        "VCH NO": 241,
        "Cr/Dr": "Dr",
        "DEBIT": 0,
        "CREDIT": " 2,384,980.65 ",
        "BALANCE": 2384980.65,
        "INVOICE/ PO NO.": "",
        "GRN NO": "",
        "GST AMT": 0,
        "TDS AMT": 0,
        "RETENTION": "",
        "UTR NO": "",
        "REFERENCE TEXT": "",
        "": "",
        "Document No": 95111314,
        "Remark": "Matched based on invoice vlaue and to link the same document no mentioned herewith"
    },
    {
        "DATE": "28-01-22",
        "PARTICULARS": "Machines",
        "VCH TYPE": "Tax Sales",
        "VCH NO": 114,
        "Cr/Dr": "Cr",
        "DEBIT": 4425000,
        "CREDIT": " -   ",
        "BALANCE": 4425000,
        "INVOICE/ PO NO.": "",
        "GRN NO": "",
        "GST AMT": 0,
        "TDS AMT": 0,
        "RETENTION": "",
        "UTR NO": "",
        "REFERENCE TEXT": "",
        "": "",
        "Document No": 3928467,
        "Remark": "Matched based on invoice vlaue and to link the same document no mentioned herewith"
    },
    {
        "DATE": "14-02-22",
        "PARTICULARS": "ICICI Bank",
        "VCH TYPE": "Receipt",
        "VCH NO": 262,
        "Cr/Dr": "Dr",
        "DEBIT": 0,
        "CREDIT": " 7,413,947.09 ",
        "BALANCE": 7413947.09,
        "INVOICE/ PO NO.": "",
        "GRN NO": "",
        "GST AMT": 0,
        "TDS AMT": 0,
        "RETENTION": "",
        "UTR NO": "",
        "REFERENCE TEXT": "",
        "": "",
        "Document No": "",
        "Remark": ""
    },
    {
        "DATE": "19-03-22",
        "PARTICULARS": "ICICI Bank",
        "VCH TYPE": "Receipt",
        "VCH NO": 297,
        "Cr/Dr": "Dr",
        "DEBIT": 0,
        "CREDIT": " 2,624,959.95 ",
        "BALANCE": 2624959.95,
        "INVOICE/ PO NO.": "",
        "GRN NO": "",
        "GST AMT": 0,
        "TDS AMT": 0,
        "RETENTION": "",
        "UTR NO": "",
        "REFERENCE TEXT": "",
        "": "",
        "Document No": "",
        "Remark": ""
    },
    {
        "DATE": "15-04-22",
        "PARTICULARS": "ICICI Bank",
        "VCH TYPE": "Receipt",
        "VCH NO": 19,
        "Cr/Dr": "Dr",
        "DEBIT": 0,
        "CREDIT": " 3,090,079.19 ",
        "BALANCE": 3090079.19,
        "INVOICE/ PO NO.": "",
        "GRN NO": "",
        "GST AMT": 0,
        "TDS AMT": 0,
        "RETENTION": "",
        "UTR NO": "",
        "REFERENCE TEXT": "",
        "": "",
        "Document No": "",
        "Remark": ""
    },
    {
        "DATE": "26-04-22",
        "PARTICULARS": "ICICI Bank",
        "VCH TYPE": "Receipt",
        "VCH NO": 28,
        "Cr/Dr": "Dr",
        "DEBIT": 0,
        "CREDIT": " 2,483,177.59 ",
        "BALANCE": 2483177.59,
        "INVOICE/ PO NO.": "",
        "GRN NO": "",
        "GST AMT": 0,
        "TDS AMT": 0,
        "RETENTION": "",
        "UTR NO": "",
        "REFERENCE TEXT": "",
        "": "",
        "Document No": "",
        "Remark": ""
    },
    {
        "DATE": "31-05-22",
        "PARTICULARS": "ICICI Bank",
        "VCH TYPE": "Receipt",
        "VCH NO": 44,
        "Cr/Dr": "Dr",
        "DEBIT": 0,
        "CREDIT": " 1,706,400.00 ",
        "BALANCE": 1706400,
        "INVOICE/ PO NO.": "",
        "GRN NO": "",
        "GST AMT": 0,
        "TDS AMT": 0
    }
]