[
    {
        "Date": "1-Apr-21",
        "": "To",
        "Particulars": "Opening Balance",
        "Vch Type": "",
        "Vch No.": "",
        "Debit": 8714154.49,
        "Credit": "",
        "INVOICE/ PO NO.": "",
        "GRN NO": "",
        "GST AMT": "",
        "TDS AMT": "",
        "RETENTION": "",
        "UTR NO": "",
        "REFERENCE TEXT": "",
        "REMARKS": "",
        "Match ref": "",
        "Amount as per Thermax": "",
        "Diff": ""
    },
    {
        "Date": "12-Apr-21",
        "": "By",
        "Particulars": "Canara Bank-CC( 4163261000013)\\8019777.73/-",
        "Vch Type": "Receipt",
        "Vch No.": 6,
        "Debit": "",
        "Credit": 1736433.57,
        "INVOICE/ PO NO.": "",
        "GRN NO": "",
        "GST AMT": "",
        "TDS AMT": "",
        "RETENTION": "",
        "UTR NO": 1736433.57,
        "REFERENCE TEXT": "",
        "REMARKS": "",
        "Match ref": "",
        "Amount as per Thermax": "",
        "Diff": ""
    },
    {
        "Date": "17-Apr-21",
        "": "To",
        "Particulars": "Fabrication Machining",
        "Vch Type": "Journal",
        "Vch No.": 47,
        "Debit": " 181,960.78 ",
        "Credit": "",
        "INVOICE/ PO NO.": "ERS-5000013267-1826995",
        "GRN NO": "",
        "GST AMT": "",
        "TDS AMT": "",
        "RETENTION": "",
        "UTR NO": 0,
        "REFERENCE TEXT": "",
        "REMARKS": "",
        "Match ref": "",
        "Amount as per Thermax": 181492,
        "Diff": 468.78
    },
    {
        "Date": "20-Apr-21",
        "": "By",
        "Particulars": "Canara Bank-CC( 4163261000013)\\8019777.73/-",
        "Vch Type": "Receipt",
        "Vch No.": 12,
        "Debit": "",
        "Credit": 788172.58,
        "INVOICE/ PO NO.": "",
        "GRN NO": "",
        "GST AMT": "",
        "TDS AMT": "",
        "RETENTION": "",
        "UTR NO": 788172.58,
        "REFERENCE TEXT": "",
        "REMARKS": "",
        "Match ref": "",
        "Amount as per Thermax": "",
        "Diff": ""
    },
    {
        "Date": "17-May-21",
        "": "By",
        "Particulars": "Canara Bank-CC( 4163261000013)\\8019777.73/-",
        "Vch Type": "Receipt",
        "Vch No.": 27,
        "Debit": "",
        "Credit": 655671.1,
        "INVOICE/ PO NO.": "",
        "GRN NO": "",
        "GST AMT": "",
        "TDS AMT": "",
        "RETENTION": "",
        "UTR NO": 655671.1,
        "REFERENCE TEXT": "",
        "REMARKS": "",
        "Match ref": "",
        "Amount as per Thermax": "",
        "Diff": ""
    },
    {
        "Date": "21-May-21",
        "": "To",
        "Particulars": "Fabrication Machining",
        "Vch Type": "Journal",
        "Vch No.": 225,
        "Debit": " 121,307.19 ",
        "Credit": "",
        "INVOICE/ PO NO.": "ERS-5000012994-1812142",
        "GRN NO": "",
        "GST AMT": "",
        "TDS AMT": "",
        "RETENTION": "",
        "UTR NO": 0,
        "REFERENCE TEXT": "",
        "REMARKS": "",
        "Match ref": "",
        "Amount as per Thermax": 121189,
        "Diff": 118.19
    },
    {
        "Date": "27-May-21",
        "": "By",
        "Particulars": "Canara Bank-CC( 4163261000013)\\8019777.73/-",
        "Vch Type": "Receipt",
        "Vch No.": 29,
        "Debit": "",
        "Credit": 1854407,
        "INVOICE/ PO NO.": "",
        "GRN NO": "",
        "GST AMT": "",
        "TDS AMT": "",
        "RETENTION": "",
        "UTR NO": 1854407,
        "REFERENCE TEXT": "",
        "REMARKS": "",
        "Match ref": "",
        "Amount as per Thermax": "",
        "Diff": " -   "
    },
    {
        "Date": "5-Jun-21",
        "": "By",
        "Particulars": "Canara Bank-CC( 4163261000013)\\8019777.73/-",
        "Vch Type": "Receipt",
        "Vch No.": 33,
        "Debit": "",
        "Credit": 1395991.03,
        "INVOICE/ PO NO.": "",
        "GRN NO": "",
        "GST AMT": "",
        "TDS AMT": "",
        "RETENTION": "",
        "UTR NO": 1395991.03,
        "REFERENCE TEXT": "",
        "REMARKS": "",
        "Match ref": "",
        "Amount as per Thermax": "",
        "Diff": " -   "
    },
    {
        "Date": "9-Jun-21",
        "": "By",
        "Particulars": "Canara Bank-CC( 4163261000013)\\8019777.73/-",
        "Vch Type": "Receipt",
        "Vch No.": 37,
        "Debit": "",
        "Credit": 8387400,
        "INVOICE/ PO NO.": "",
        "GRN NO": "",
        "GST AMT": "",
        "TDS AMT": "",
        "RETENTION": "",
        "UTR NO": 4722210,
        "REFERENCE TEXT": "",
        "REMARKS": "",
        "Match ref": "",
        "Amount as per Thermax": "",
        "Diff": " -   "
    },
    {
        "Date": "18-Jun-21",
        "": "By",
        "Particulars": "Canara Bank-CC( 4163261000013)\\8019777.73/-",
        "Vch Type": "Receipt",
        "Vch No.": 43,
        "Debit": "",
        "Credit": 2120909,
        "INVOICE/ PO NO.": "",
        "GRN NO": "",
        "GST AMT": "",
        "TDS AMT": "",
        "RETENTION": "",
        "UTR NO": 6114486,
        "REFERENCE TEXT": "",
        "REMARKS": "",
        "Match ref": "",
        "Amount as per Thermax": "",
        "Diff": " -   "
    },
    {
        "Date": "24-Jun-21",
        "": "By",
        "Particulars": "Canara Bank-CC( 4163261000013)\\8019777.73/-",
        "Vch Type": "Receipt",
        "Vch No.": 46,
        "Debit": "",
        "Credit": 1436500,
        "INVOICE/ PO NO.": "",
        "GRN NO": "",
        "GST AMT": "",
        "TDS AMT": "",
        "RETENTION": "",
        "UTR NO": 4893099,
        "REFERENCE TEXT": "",
        "REMARKS": "",
        "Match ref": "",
        "Amount as per Thermax": "",
        "Diff": " -   "
    },
    {
        "Date": "29-Jun-21",
        "": "By",
        "Particulars": "Canara Bank-CC( 4163261000013)\\8019777.73/-",
        "Vch Type": "Receipt",
        "Vch No.": 47,
        "Debit": "",
        "Credit": 3526460,
        "INVOICE/ PO NO.": "",
        "GRN NO": "",
        "GST AMT": "",
        "TDS AMT": "",
        "RETENTION": "",
        "UTR NO": 3725382.27,
        "REFERENCE TEXT": "",
        "REMARKS": "",
        "Match ref": "",
        "Amount as per Thermax": "",
        "Diff": " -   "
    },
    {
        "Date": "30-Jun-21",
        "": "To",
        "Particulars": "Fabrication Machining",
        "Vch Type": "Journal",
        "Vch No.": 440,
        "Debit": " 303,267.97 ",
        "Credit": "",
        "INVOICE/ PO NO.": "",
        "GRN NO": "",
        "GST AMT": "",
        "TDS AMT": "",
        "RETENTION": "",
        "UTR NO": 0,
        "REFERENCE TEXT": "",
        "REMARKS": "",
        "Match ref": "",
        "Amount as per Thermax": 303263.56,
        "Diff": 4.41
    },
    {
        "Date": "30-Jun-21",
        "": "To",
        "Particulars": "Fabrication Machining",
        "Vch Type": "Journal",
        "Vch No.": 441,
        "Debit": " 2,035,247.26 ",
        "Credit": "",
        "INVOICE/ PO NO.": "",
        "GRN NO": "",
        "GST AMT": "",
        "TDS AMT": "",
        "RETENTION": "",
        "UTR NO": 0,
        "REFERENCE TEXT": "",
        "REMARKS": "",
        "Match ref": "",
        "Amount as per Thermax": "",
        "Diff": ""
    },
    {
        "Date": "13-Jul-21",
        "": "By",
        "Particulars": "Canara Bank-CC( 4163261000013)\\8019777.73/-",
        "Vch Type": "Receipt",
        "Vch No.": 51,
        "Debit": "",
        "Credit": 2119323,
        "INVOICE/ PO NO.": "",
        "GRN NO": "",
        "GST AMT": "",
        "TDS AMT": "",
        "RETENTION": "",
        "UTR NO": 2119323,
        "REFERENCE TEXT": "",
        "REMARKS": "",
        "Match ref": "",
        "Amount as per Thermax": "",
        "Diff": ""
    },
    {
        "Date": "22-Jul-21",
        "": "By",
        "Particulars": "Canara Bank-CC( 4163261000013)\\8019777.73/-",
        "Vch Type": "Receipt",
        "Vch No.": 53,
        "Debit": "",
        "Credit": " 4,722,210.00 ",
        "INVOICE/ PO NO.": "",
        "GRN NO": "",
        "GST AMT": "",
        "TDS AMT": "",
        "RETENTION": "",
        "UTR NO": 4722210,
        "REFERENCE TEXT": "",
        "REMARKS": "",
        "Match ref": "",
        "Amount as per Thermax": "",
        "Diff": ""
    },
    {
        "Date": "22-Jul-21",
        "": "By",
        "Particulars": "Canara Bank-CC( 4163261000013)\\8019777.73/-",
        "Vch Type": "Receipt",
        "Vch No.": 54,
        "Debit": "",
        "Credit": 652304,
        "INVOICE/ PO NO.": "",
        "GRN NO": "",
        "GST AMT": "",
        "TDS AMT": "",
        "RETENTION": "",
        "UTR NO": 652304,
        "REFERENCE TEXT": "",
        "REMARKS": "",
        "Match ref": "",
        "Amount as per Thermax": "",
        "Diff": ""
    },
    {
        "Date": "22-Jul-21",
        "": "By",
        "Particulars": "Tax Deducted at Source (F.Y 2021-22)-NSDL",
        "Vch Type": "Journal",
        "Vch No.": 634,
        "Debit": "",
        "Credit": 4727,
        "INVOICE/ PO NO.": "",
        "GRN NO": "",
        "GST AMT": "",
        "TDS AMT": "",
        "RETENTION": "",
        "UTR NO": 4727,
        "REFERENCE TEXT": "",
        "REMARKS": "",
        "Match ref": "",
        "Amount as per Thermax": "",
        "Diff": ""
    },
    {
        "Date": "26-Jul-21",
        "": "By",
        "Particulars": "Canara Bank-CC( 4163261000013)\\8019777.73/-",
        "Vch Type": "Receipt",
        "Vch No.": 58,
        "Debit": "",
        "Credit": " 6,114,486.00 ",
        "INVOICE/ PO NO.": "",
        "GRN NO": "",
        "GST AMT": "",
        "TDS AMT": "",
        "RETENTION": "",
        "UTR NO": 6114486,
        "REFERENCE TEXT": "",
        "REMARKS": "",
        "Match ref": "",
        "Amount as per Thermax": "",
        "Diff": ""
    },
    {
        "Date": "26-Jul-21",
        "": "By",
        "Particulars": "Tax Deducted at Source (F.Y 2021-22)-NSDL",
        "Vch Type": "Journal",
        "Vch No.": 656,
        "Debit": "",
        "Credit": 6121,
        "INVOICE/ PO NO.": "",
        "GRN NO": "",
        "GST AMT": "",
        "TDS AMT": "",
        "RETENTION": "",
        "UTR NO": 6121,
        "REFERENCE TEXT": "",
        "REMARKS": "",
        "Match ref": "",
        "Amount as per Thermax": "",
        "Diff": ""
    },
    {
        "Date": "31-Jul-21",
        "": "To",
        "Particulars": "Fabrication Machining",
        "Vch Type": "Journal",
        "Vch No.": 672,
        "Debit": " 1,156,199.46 ",
        "Credit": "",
        "INVOICE/ PO NO.": "",
        "GRN NO": "",
        "GST AMT": "",
        "TDS AMT": "",
        "RETENTION": "",
        "UTR NO": 0,
        "REFERENCE TEXT": "",
        "REMARKS": "",
        "Match ref": "",
        "Amount as per Thermax": "",
        "Diff": ""
    },
    {
        "Date": "31-Jul-21",
        "": "To",
        "Particulars": "Fabrication Machining",
        "Vch Type": "Journal",
        "Vch No.": 673,
        "Debit": " 1,313,700.14 ",
        "Credit": "",
        "INVOICE/ PO NO.": "",
        "GRN NO": "",
        "GST AMT": "",
        "TDS AMT": "",
        "RETENTION": "",
        "UTR NO": 0,
        "REFERENCE TEXT": "",
        "REMARKS": "",
        "Match ref": "",
        "Amount as per Thermax": "",
        "Diff": ""
    },
    {
        "Date": "16-Aug-21",
        "": "By",
        "Particulars": "Canara Bank-CC( 4163261000013)\\8019777.73/-",
        "Vch Type": "Receipt",
        "Vch No.": 64,
        "Debit": "",
        "Credit": " 4,893,099.00 ",
        "INVOICE/ PO NO.": "",
        "GRN NO": "",
        "GST AMT": "",
        "TDS AMT": "",
        "RETENTION": "",
        "UTR NO": 4893099,
        "REFERENCE TEXT": "",
        "REMARKS": "",
        "Match ref": "",
        "Amount as per Thermax": "",
        "Diff": ""
    },
    {
        "Date": "16-Aug-21",
        "": "By",
        "Particulars": "Tax Deducted at Source (F.Y 2021-22)-NSDL",
        "Vch Type": "Journal",
        "Vch No.": 820,
        "Debit": "",
        "Credit": 4898,
        "INVOICE/ PO NO.": "",
        "GRN NO": "",
        "GST AMT": "",
        "TDS AMT": "",
        "RETENTION": "",
        "UTR NO": 4898,
        "REFERENCE TEXT": "",
        "REMARKS": "",
        "Match ref": "",
        "Amount as per Thermax": "",
        "Diff": ""
    },
    {
        "Date": "27-Aug-21",
        "": "To",
        "Particulars": "Fabrication Machining",
        "Vch Type": "Journal",
        "Vch No.": 885,
        "Debit": " 1,982,855.95 ",
        "Credit": "",
        "INVOICE/ PO NO.": "",
        "GRN NO": "",
        "GST AMT": "",
        "TDS AMT": "",
        "RETENTION": "",
        "UTR NO": 0,
        "REFERENCE TEXT": "",
        "REMARKS": "",
        "Match ref": "",
        "Amount as per Thermax": "",
        "Diff": ""
    },
    {
        "Date": "27-Aug-21",
        "": "To",
        "Particulars": "Fabrication Machining",
        "Vch Type": "Journal",
        "Vch No.": 886,
        "Debit": " 2,150,946.78 ",
        "Credit": "",
        "INVOICE/ PO NO.": "",
        "GRN NO": "",
        "GST AMT": "",
        "TDS AMT": "",
        "RETENTION": "",
        "UTR NO": 0,
        "REFERENCE TEXT": "",
        "REMARKS": "",
        "Match ref": "",
        "Amount as per Thermax": "",
        "Diff": ""
    },
    {
        "Date": "28-Aug-21",
        "": "To",
        "Particulars": "Fabrication Machining",
        "Vch Type": "Journal",
        "Vch No.": 891,
        "Debit": " 2,040,970.48 ",
        "Credit": "",
        "INVOICE/ PO NO.": "",
        "GRN NO": "",
        "GST AMT": "",
        "TDS AMT": "",
        "RETENTION": "",
        "UTR NO": 0,
        "REFERENCE TEXT": "",
        "REMARKS": "",
        "Match ref": "",
        "Amount as per Thermax": "",
        "Diff": ""
    },
    {
        "Date": "29-Aug-21",
        "": "To",
        "Particulars": "Fabrication Machining",
        "Vch Type": "Journal",
        "Vch No.": 895,
        "Debit": " 2,987,584.95 ",
        "Credit": "",
        "INVOICE/ PO NO.": "",
        "GRN NO": "",
        "GST AMT": "",
        "TDS AMT": "",
        "RETENTION": "",
        "UTR NO": 0,
        "REFERENCE TEXT": "",
        "REMARKS": "",
        "Match ref": "",
        "Amount as per Thermax": "",
        "Diff": ""
    },
    {
        "Date": "31-Aug-21",
        "": "To",
        "Particulars": "Fabrication Machining",
        "Vch Type": "Journal",
        "Vch No.": 902,
        "Debit": " 400,527.40 ",
        "Credit": "",
        "INVOICE/ PO NO.": "",
        "GRN NO": "",
        "GST AMT": "",
        "TDS AMT": "",
        "RETENTION": "",
        "UTR NO": 0,
        "REFERENCE TEXT": "",
        "REMARKS": "",
        "Match ref": "",
        "Amount as per Thermax": "",
        "Diff": ""
    },
    {
        "Date": "31-Aug-21",
        "": "To",
        "Particulars": "Fabrication Machining",
        "Vch Type": "Journal",
        "Vch No.": 903,
        "Debit": " 95,502.71 ",
        "Credit": "",
        "INVOICE/ PO NO.": "",
        "GRN NO": "",
        "GST AMT": "",
        "TDS AMT": "",
        "RETENTION": "",
        "UTR NO": 0,
        "REFERENCE TEXT": "",
        "REMARKS": "",
        "Match ref": "",
        "Amount as per Thermax": "",
        "Diff": ""
    },
    {
        "Date": "9-Sep-21",
        "": "To",
        "Particulars": "Fabrication Machining",
        "Vch Type": "Journal",
        "Vch No.": 1036,
        "Debit": " 1,708,894.29 ",
        "Credit": "",
        "INVOICE/ PO NO.": "",
        "GRN NO": "",
        "GST AMT": "",
        "TDS AMT": "",
        "RETENTION": "",
        "UTR NO": 0,
        "REFERENCE TEXT": "",
        "REMARKS": "",
        "Match ref": "",
        "Amount as per Thermax": "",
        "Diff": ""
    },
    {
        "Date": "9-Sep-21",
        "": "To",
        "Particulars": "Fabrication Machining",
        "Vch Type": "Journal",
        "Vch No.": 1038,
        "Debit": " 1,658,066.44 ",
        "Credit": "",
        "INVOICE/ PO NO.": "",
        "GRN NO": "",
        "GST AMT": "",
        "TDS AMT": "",
        "RETENTION": "",
        "UTR NO": 0,
        "REFERENCE TEXT": "",
        "REMARKS": "",
        "Match ref": "",
        "Amount as per Thermax": "",
        "Diff": ""
    },
    {
        "Date": "9-Sep-21",
        "": "To",
        "Particulars": "Fabrication Machining",
        "Vch Type": "Journal",
        "Vch No.": 1039,
        "Debit": " 555,210.12 ",
        "Credit": "",
        "INVOICE/ PO NO.": "",
        "GRN NO": "",
        "GST AMT": "",
        "TDS AMT": "",
        "RETENTION": "",
        "UTR NO": 0,
        "REFERENCE TEXT": "",
        "REMARKS": "",
        "Match ref": "",
        "Amount as per Thermax": "",
        "Diff": ""
    },
    {
        "Date": "9-Sep-21",
        "": "To",
        "Particulars": "Fabrication Machining",
        "Vch Type": "Journal",
        "Vch No.": 1037,
        "Debit": " 582,880.94 ",
        "Credit": "",
        "INVOICE/ PO NO.": "",
        "GRN NO": "",
        "GST AMT": "",
        "TDS AMT": "",
        "RETENTION": "",
        "UTR NO": 0,
        "REFERENCE TEXT": "",
        "REMARKS": "",
        "Match ref": "",
        "Amount as per Thermax": "",
        "Diff": ""
    },
    {
        "Date": "12-Sep-21",
        "": "To",
        "Particulars": "Fabrication Machining",
        "Vch Type": "Journal",
        "Vch No.": 1054,
        "Debit": " 10,170.42 ",
        "Credit": "",
        "INVOICE/ PO NO.": "",
        "GRN NO": "",
        "GST AMT": "",
        "TDS AMT": "",
        "RETENTION": "",
        "UTR NO": 0,
        "REFERENCE TEXT": "",
        "REMARKS": "",
        "Match ref": "",
        "Amount as per Thermax": "",
        "Diff": ""
    },
    {
        "Date": "14-Sep-21",
        "": "By",
        "Particulars": "Canara Bank-CC( 4163261000013)\\8019777.73/-",
        "Vch Type": "Receipt",
        "Vch No.": 72,
        "Debit": "",
        "Credit": 2597047.65,
        "INVOICE/ PO NO.": "",
        "GRN NO": "",
        "GST AMT": "",
        "TDS AMT": "",
        "RETENTION": "",
        "UTR NO": 2597047.65,
        "REFERENCE TEXT": "",
        "REMARKS": "",
        "Match ref": "",
        "Amount as per Thermax": "",
        "Diff": ""
    },
    {
        "Date": "15-Sep-21",
        "": "To",
        "Particulars": "Fabrication Machining",
        "Vch Type": "Journal",
        "Vch No.": 1066,
        "Debit": " 903,850.03 ",
        "Credit": "",
        "INVOICE/ PO NO.": "",
        "GRN NO": "",
        "GST AMT": "",
        "TDS AMT": "",
        "RETENTION": "",
        "UTR NO": 0,
        "REFERENCE TEXT": "",
        "REMARKS": "",
        "Match ref": "",
        "Amount as per Thermax": "",
        "Diff": ""
    },
    {
        "Date": "15-Sep-21",
        "": "To",
        "Particulars": "Fabrication Machining",
        "Vch Type": "Journal",
        "Vch No.": 1067,
        "Debit": " 451,987.61 ",
        "Credit": "",
        "INVOICE/ PO NO.": "",
        "GRN NO": "",
        "GST AMT": "",
        "TDS AMT": "",
        "RETENTION": "",
        "UTR NO": 0,
        "REFERENCE TEXT": "",
        "REMARKS": "",
        "Match ref": "",
        "Amount as per Thermax": "",
        "Diff": ""
    },
    {
        "Date": "25-Sep-21",
        "": "To",
        "Particulars": "Fabrication Machining",
        "Vch Type": "Journal",
        "Vch No.": 1116,
        "Debit": " 404,139.50 ",
        "Credit": "",
        "INVOICE/ PO NO.": "",
        "GRN NO": "",
        "GST AMT": "",
        "TDS AMT": "",
        "RETENTION": "",
        "UTR NO": 0,
        "REFERENCE TEXT": "",
        "REMARKS": "",
        "Match ref": "",
        "Amount as per Thermax": "",
        "Diff": ""
    },
    {
        "Date": "25-Sep-21",
        "": "To",
        "Particulars": "Fabrication Machining",
        "Vch Type": "Journal",
        "Vch No.": 1117,
        "Debit": " 1,622,298.63 ",
        "Credit": "",
        "INVOICE/ PO NO.": "",
        "GRN NO": "",
        "GST AMT": "",
        "TDS AMT": "",
        "RETENTION": "",
        "UTR NO": 0,
        "REFERENCE TEXT": "",
        "REMARKS": "",
        "Match ref": "",
        "Amount as per Thermax": "",
        "Diff": ""
    },
    {
        "Date": "25-Sep-21",
        "": "To",
        "Particulars": "Fabrication Machining",
        "Vch Type": "Journal",
        "Vch No.": 1118,
        "Debit": " 301,451.59 ",
        "Credit": "",
        "INVOICE/ PO NO.": "",
        "GRN NO": "",
        "GST AMT": "",
        "TDS AMT": "",
        "RETENTION": "",
        "UTR NO": 0,
        "REFERENCE TEXT": "",
        "REMARKS": "",
        "Match ref": "",
        "Amount as per Thermax": "",
        "Diff": ""
    },
    {
        "Date": "25-Sep-21",
        "": "To",
        "Particulars": "Fabrication Machining",
        "Vch Type": "Journal",
        "Vch No.": 1119,
        "Debit": " 2,443,126.69 ",
        "Credit": "",
        "INVOICE/ PO NO.": "",
        "GRN NO": "",
        "GST AMT": "",
        "TDS AMT": "",
        "RETENTION": "",
        "UTR NO": 0,
        "REFERENCE TEXT": "",
        "REMARKS": "",
        "Match ref": "",
        "Amount as per Thermax": "",
        "Diff": ""
    },
    {
        "Date": "30-Sep-21",
        "": "To",
        "Particulars": "Fabrication Machining",
        "Vch Type": "Journal",
        "Vch No.": 1150,
        "Debit": " 3,244,976.40 ",
        "Credit": "",
        "INVOICE/ PO NO.": "",
        "GRN NO": "",
        "GST AMT": "",
        "TDS AMT": "",
        "RETENTION": "",
        "UTR NO": 0,
        "REFERENCE TEXT": "",
        "REMARKS": "",
        "Match ref": "",
        "Amount as per Thermax": "",
        "Diff": ""
    },
    {
        "Date": "30-Sep-21",
        "": "To",
        "Particulars": "Fabrication Machining",
        "Vch Type": "Journal",
        "Vch No.": 1151,
        "Debit": " 3,244,976.40 ",
        "Credit": "",
        "INVOICE/ PO NO.": "",
        "GRN NO": "",
        "GST AMT": "",
        "TDS AMT": "",
        "RETENTION": "",
        "UTR NO": 0,
        "REFERENCE TEXT": "",
        "REMARKS": "",
        "Match ref": "",
        "Amount as per Thermax": "",
        "Diff": ""
    },
    {
        "Date": "1-Oct-21",
        "": "By",
        "Particulars": "Canara Bank-CC( 4163261000013)\\8019777.73/-",
        "Vch Type": "Receipt",
        "Vch No.": 79,
        "Debit": "",
        "Credit": 303263.56,
        "INVOICE/ PO NO.": "",
        "GRN NO": "",
        "GST AMT": "",
        "TDS AMT": "",
        "RETENTION": "",
        "UTR NO": 303263.56,
        "REFERENCE TEXT": "",
        "REMARKS": "",
        "Match ref": "",
        "Amount as per Thermax": "",
        "Diff": ""
    },
    {
        "Date": "6-Oct-21",
        "": "To",
        "Particulars": "Fabrication Machining",
        "Vch Type": "Journal",
        "Vch No.": 1296,
        "Debit": " 10,170.42 ",
        "Credit": "",
        "INVOICE/ PO NO.": "",
        "GRN NO": "",
        "GST AMT": "",
        "TDS AMT": "",
        "RETENTION": "",
        "UTR NO": 0,
        "REFERENCE TEXT": "",
        "REMARKS": "",
        "Match ref": "",
        "Amount as per Thermax": "",
        "Diff": ""
    },
    {
        "Date": "18-Oct-21",
        "": "By",
        "Particulars": "Canara Bank-CC( 4163261000013)\\8019777.73/-",
        "Vch Type": "Receipt",
        "Vch No.": 85,
        "Debit": "",
        "Credit": " 3,725,382.27 ",
        "INVOICE/ PO NO.": "",
        "GRN NO": "",
        "GST AMT": "",
        "TDS AMT": "",
        "RETENTION": "",
        "UTR NO": 3725382.27,
        "REFERENCE TEXT": "",
        "REMARKS": "",
        "Match ref": "",
        "Amount as per Thermax": "",
        "Diff": ""
    },
    {
        "Date": "18-Oct-21",
        "": "By",
        "Particulars": "Tax Deducted at Source (F.Y 2021-22)-NSDL",
        "Vch Type": "Journal",
        "Vch No.": 1327,
        "Debit": "",
        "Credit": 1680,
        "INVOICE/ PO NO.": "",
        "GRN NO": "",
        "GST AMT": "",
        "TDS AMT": "",
        "RETENTION": "",
        "UTR NO": 1680,
        "REFERENCE TEXT": "",
        "REMARKS": "",
        "Match ref": "",
        "Amount as per Thermax": "",
        "Diff": ""
    },
    {
        "Date": "19-Oct-21",
        "": "To",
        "Particulars": "Fabrication Machining",
        "Vch Type": "Journal",
        "Vch No.": 1328,
        "Debit": " 3,244,976.40 ",
        "Credit": "",
        "INVOICE/ PO NO.": "",
        "GRN NO": "",
        "GST AMT": "",
        "TDS AMT": "",
        "RETENTION": "",
        "UTR NO": 0,
        "REFERENCE TEXT": "",
        "REMARKS": "",
        "Match ref": "",
        "Amount as per Thermax": "",
        "Diff": ""
    },
    {
        "Date": "27-Oct-21",
        "": "To",
        "Particulars": "Fabrication Machining",
        "Vch Type": "Journal",
        "Vch No.": 1377,
        "Debit": " 2,433,732.30 ",
        "Credit": "",
        "INVOICE/ PO NO.": "",
        "GRN NO": "",
        "GST AMT": "",
        "TDS AMT": "",
        "RETENTION": "",
        "UTR NO": 0,
        "REFERENCE TEXT": "",
        "REMARKS": "",
        "Match ref": "",
        "Amount as per Thermax": "",
        "Diff": ""
    },
    {
        "Date": "29-Oct-21",
        "": "By",
        "Particulars": "Canara Bank-CC( 4163261000013)\\8019777.73/-",
        "Vch Type": "Receipt",
        "Vch No.": 91,
        "Debit": "",
        "Credit": 1369610.82,
        "INVOICE/ PO NO.": "",
        "GRN NO": "",
        "GST AMT": "",
        "TDS AMT": "",
        "RETENTION": "",
        "UTR NO": 1369610.82,
        "REFERENCE TEXT": "",
        "REMARKS": "",
        "Match ref": "",
        "Amount as per Thermax": "",
        "Diff": ""
    },
    {
        "Date": "29-Oct-21",
        "": "To",
        "Particulars": "Fabrication Machining",
        "Vch Type": "Journal",
        "Vch No.": 1402,
        "Debit": " 1,622,488.20 ",
        "Credit": "",
        "INVOICE/ PO NO.": "",
        "GRN NO": "",
        "GST AMT": "",
        "TDS AMT": "",
        "RETENTION": "",
        "UTR NO": 0,
        "REFERENCE TEXT": "",
        "REMARKS": "",
        "Match ref": "",
        "Amount as per Thermax": "",
        "Diff": ""
    },
    {
        "Date": "29-Oct-21",
        "": "To",
        "Particulars": "Fabrication Machining",
        "Vch Type": "Journal",
        "Vch No.": 1403,
        "Debit": " 1,622,488.20 ",
        "Credit": "",
        "INVOICE/ PO NO.": "",
        "GRN NO": "",
        "GST AMT": "",
        "TDS AMT": "",
        "RETENTION": "",
        "UTR NO": 0,
        "REFERENCE TEXT": "",
        "REMARKS": "",
        "Match ref": "",
        "Amount as per Thermax": "",
        "Diff": ""
    },
    {
        "Date": "29-Oct-21",
        "": "To",
        "Particulars": "Fabrication Machining",
        "Vch Type": "Journal",
        "Vch No.": 1404,
        "Debit": " 811,244.10 ",
        "Credit": "",
        "INVOICE/ PO NO.": "",
        "GRN NO": "",
        "GST AMT": "",
        "TDS AMT": "",
        "RETENTION": "",
        "UTR NO": 0,
        "REFERENCE TEXT": "",
        "REMARKS": "",
        "Match ref": "",
        "Amount as per Thermax": "",
        "Diff": ""
    },
    {
        "Date": "30-Oct-21",
        "": "By",
        "Particulars": "Canara Bank-CC( 4163261000013)\\8019777.73/-",
        "Vch Type": "Receipt",
        "Vch No.": 92,
        "Debit": "",
        "Credit": 237104.04,
        "INVOICE/ PO NO.": "",
        "GRN NO": "",
        "GST AMT": "",
        "TDS AMT": "",
        "RETENTION": "",
        "UTR NO": 237104.04,
        "REFERENCE TEXT": "",
        "REMARKS": "",
        "Match ref": "",
        "Amount as per Thermax": "",
        "Diff": ""
    },
    {
        "Date": "30-Oct-21",
        "": "By",
        "Particulars": "Canara Bank-CC( 4163261000013)\\8019777.73/-",
        "Vch Type": "Receipt",
        "Vch No.": 93,
        "Debit": "",
        "Credit": 225848.12,
        "INVOICE/ PO NO.": "",
        "GRN NO": "",
        "GST AMT": "",
        "TDS AMT": "",
        "RETENTION": "",
        "UTR NO": 225848.12,
        "REFERENCE TEXT": "",
        "REMARKS": "",
        "Match ref": "",
        "Amount as per Thermax": "",
        "Diff": ""
    },
    {
        "Date": "2-Nov-21",
        "": "By",
        "Particulars": "Canara Bank-CC( 4163261000013)\\8019777.73/-",
        "Vch Type": "Receipt",
        "Vch No.": 96,
        "Debit": "",
        "Credit": 551527.42,
        "INVOICE/ PO NO.": "",
        "GRN NO": "",
        "GST AMT": "",
        "TDS AMT": "",
        "RETENTION": "",
        "UTR NO": 551527.42,
        "REFERENCE TEXT": "",
        "REMARKS": "",
        "Match ref": "",
        "Amount as per Thermax": "",
        "Diff": ""
    },
    {
        "Date": "5-Nov-21",
        "": "To",
        "Particulars": "Fabrication Machining",
        "Vch Type": "Journal",
        "Vch No.": 1544,
        "Debit": " 109,959.48 ",
        "Credit": "",
        "INVOICE/ PO NO.": "",
        "GRN NO": "",
        "GST AMT": "",
        "TDS AMT": "",
        "RETENTION": "",
        "UTR NO": 0,
        "REFERENCE TEXT": "",
        "REMARKS": "",
        "Match ref": "",
        "Amount as per Thermax": "",
        "Diff": ""
    },
    {
        "Date": "5-Nov-21",
        "": "To",
        "Particulars": "Fabrication Machining",
        "Vch Type": "Journal",
        "Vch No.": 1545,
        "Debit": " 109,959.48 ",
        "Credit": "",
        "INVOICE/ PO NO.": "",
        "GRN NO": "",
        "GST AMT": "",
        "TDS AMT": "",
        "RETENTION": "",
        "UTR NO": 0,
        "REFERENCE TEXT": "",
        "REMARKS": "",
        "Match ref": "",
        "Amount as per Thermax": "",
        "Diff": ""
    },
    {
        "Date": "10-Nov-21",
        "": "By",
        "Particulars": "Canara Bank-CC( 4163261000013)\\8019777.73/-",
        "Vch Type": "Receipt",
        "Vch No.": 100,
        "Debit": "",
        "Credit": 659918.34,
        "INVOICE/ PO NO.": "",
        "GRN NO": "",
        "GST AMT": "",
        "TDS AMT": "",
        "RETENTION": "",
        "UTR NO": 659918.34,
        "REFERENCE TEXT": "",
        "REMARKS": "",
        "Match ref": "",
        "Amount as per Thermax": "",
        "Diff": ""
    },
    {
        "Date": "15-Nov-21",
        "": "By",
        "Particulars": "Canara Bank-CC( 4163261000013)\\8019777.73/-",
        "Vch Type": "Receipt",
        "Vch No.": 101,
        "Debit": "",
        "Credit": " 3,754,770.08 ",
        "INVOICE/ PO NO.": "",
        "GRN NO": "",
        "GST AMT": "",
        "TDS AMT": "",
        "RETENTION": "",
        "UTR NO": 3754770.08,
        "REFERENCE TEXT": "",
        "REMARKS": "",
        "Match ref": "",
        "Amount as per Thermax": "",
        "Diff": ""
    },
    {
        "Date": "15-Nov-21",
        "": "By",
        "Particulars": "Tax Deducted at Source (F.Y 2021-22)-NSDL",
        "Vch Type": "Journal",
        "Vch No.": 1602,
        "Debit": "",
        "Credit": 2750,
        "INVOICE/ PO NO.": "",
        "GRN NO": "",
        "GST AMT": "",
        "TDS AMT": "",
        "RETENTION": "",
        "UTR NO": 2750,
        "REFERENCE TEXT": "",
        "REMARKS": "",
        "Match ref": "",
        "Amount as per Thermax": "",
        "Diff": ""
    },
    {
        "Date": "15-Nov-21",
        "": "By",
        "Particulars": "Tax Deducted at Source (F.Y 2021-22)-NSDL",
        "Vch Type": "Journal",
        "Vch No.": 1603,
        "Debit": "",
        "Credit": 2750,
        "INVOICE/ PO NO.": "",
        "GRN NO": "",
        "GST AMT": "",
        "TDS AMT": "",
        "RETENTION": "",
        "UTR NO": 2750,
        "REFERENCE TEXT": "",
        "REMARKS": "",
        "Match ref": "",
        "Amount as per Thermax": "",
        "Diff": ""
    },
    {
        "Date": "15-Nov-21",
        "": "To",
        "Particulars": "Tax Deducted at Source (F.Y 2021-22)-NSDL",
        "Vch Type": "Journal",
        "Vch No.": 1604,
        "Debit": 1925,
        "Credit": "",
        "INVOICE/ PO NO.": "",
        "GRN NO": "",
        "GST AMT": "",
        "TDS AMT": "",
        "RETENTION": "",
        "UTR NO": 0,
        "REFERENCE TEXT": "",
        "REMARKS": "",
        "Match ref": "",
        "Amount as per Thermax": "",
        "Diff": ""
    },
    {
        "Date": "15-Nov-21",
        "": "To",
        "Particulars": "Tax Deducted at Source (F.Y 2021-22)-NSDL",
        "Vch Type": "Journal",
        "Vch No.": 1605,
        "Debit": 1925,
        "Credit": "",
        "INVOICE/ PO NO.": "",
        "GRN NO": "",
        "GST AMT": "",
        "TDS AMT": "",
        "RETENTION": "",
        "UTR NO": 0,
        "REFERENCE TEXT": "",
        "REMARKS": "",
        "Match ref": "",
        "Amount as per Thermax": "",
        "Diff": ""
    },
    {
        "Date": "17-Nov-21",
        "": "By",
        "Particulars": "Canara Bank-CC( 4163261000013)\\8019777.73/-",
        "Vch Type": "Receipt",
        "Vch No.": 103,
        "Debit": "",
        "Credit": " 9,268,226.00 ",
        "INVOICE/ PO NO.": "",
        "GRN NO": "",
        "GST AMT": "",
        "TDS AMT": "",
        "RETENTION": "",
        "UTR NO": 9268226,
        "REFERENCE TEXT": "",
        "REMARKS": "",
        "Match ref": "",
        "Amount as per Thermax": "",
        "Diff": ""
    },
    {
        "Date": "17-Nov-21",
        "": "By",
        "Particulars": "Tax Deducted at Source (F.Y 2021-22)-NSDL",
        "Vch Type": "Journal",
        "Vch No.": 1620,
        "Debit": "",
        "Credit": 9278,
        "INVOICE/ PO NO.": "",
        "GRN NO": "",
        "GST AMT": "",
        "TDS AMT": "",
        "RETENTION": "",
        "UTR NO": 9278,
        "REFERENCE TEXT": "",
        "REMARKS": "",
        "Match ref": "",
        "Amount as per Thermax": "",
        "Diff": ""
    },
    {
        "Date": "17-Nov-21",
        "": "To",
        "Particulars": "Fabrication Machining",
        "Vch Type": "Journal",
        "Vch No.": 1614,
        "Debit": " 109,959.48 ",
        "Credit": "",
        "INVOICE/ PO NO.": "",
        "GRN NO": "",
        "GST AMT": "",
        "TDS AMT": "",
        "RETENTION": "",
        "UTR NO": 0,
        "REFERENCE TEXT": "",
        "REMARKS": "",
        "Match ref": "",
        "Amount as per Thermax": "",
        "Diff": ""
    },
    {
        "Date": "17-Nov-21",
        "": "To",
        "Particulars": "Fabrication Machining",
        "Vch Type": "Journal",
        "Vch No.": 1615,
        "Debit": " 102,789.21 ",
        "Credit": "",
        "INVOICE/ PO NO.": "",
        "GRN NO": "",
        "GST AMT": "",
        "TDS AMT": "",
        "RETENTION": "",
        "UTR NO": 0,
        "REFERENCE TEXT": "",
        "REMARKS": "",
        "Match ref": "",
        "Amount as per Thermax": "",
        "Diff": ""
    },
    {
        "Date": "23-Nov-21",
        "": "By",
        "Particulars": "Canara Bank-CC( 4163261000013)\\8019777.73/-",
        "Vch Type": "Receipt",
        "Vch No.": 105,
        "Debit": "",
        "Credit": " 4,942,359.00 ",
        "INVOICE/ PO NO.": "",
        "GRN NO": "",
        "GST AMT": "",
        "TDS AMT": "",
        "RETENTION": "",
        "UTR NO": 4942359,
        "REFERENCE TEXT": "",
        "REMARKS": "",
        "Match ref": "",
        "Amount as per Thermax": "",
        "Diff": ""
    },
    {
        "Date": "23-Nov-21",
        "": "By",
        "Particulars": "Tax Deducted at Source (F.Y 2021-22)-NSDL",
        "Vch Type": "Journal",
        "Vch No.": 1652,
        "Debit": "",
        "Credit": 4947,
        "INVOICE/ PO NO.": "",
        "GRN NO": "",
        "GST AMT": "",
        "TDS AMT": "",
        "RETENTION": "",
        "UTR NO": 4947,
        "REFERENCE TEXT": "",
        "REMARKS": "",
        "Match ref": "",
        "Amount as per Thermax": "",
        "Diff": ""
    },
    {
        "Date": "30-Nov-21",
        "": "To",
        "Particulars": "Fabrication Machining",
        "Vch Type": "Journal",
        "Vch No.": 1693,
        "Debit": " 384,858.18 ",
        "Credit": "",
        "INVOICE/ PO NO.": "",
        "GRN NO": "",
        "GST AMT": "",
        "TDS AMT": "",
        "RETENTION": "",
        "UTR NO": 0,
        "REFERENCE TEXT": "",
        "REMARKS": "",
        "Match ref": "",
        "Amount as per Thermax": "",
        "Diff": ""
    },
    {
        "Date": "30-Nov-21",
        "": "To",
        "Particulars": "Fabrication Machining",
        "Vch Type": "Journal",
        "Vch No.": 1694,
        "Debit": " 1,630,908.09 ",
        "Credit": "",
        "INVOICE/ PO NO.": "",
        "GRN NO": "",
        "GST AMT": "",
        "TDS AMT": "",
        "RETENTION": "",
        "UTR NO": 0,
        "REFERENCE TEXT": "",
        "REMARKS": "",
        "Match ref": "",
        "Amount as per Thermax": "",
        "Diff": ""
    },
    {
        "Date": "30-Nov-21",
        "": "To",
        "Particulars": "Fabrication Machining",
        "Vch Type": "Journal",
        "Vch No.": 1695,
        "Debit": " 384,858.18 ",
        "Credit": "",
        "INVOICE/ PO NO.": "",
        "GRN NO": "",
        "GST AMT": "",
        "TDS AMT": "",
        "RETENTION": "",
        "UTR NO": 0,
        "REFERENCE TEXT": "",
        "REMARKS": "",
        "Match ref": "",
        "Amount as per Thermax": "",
        "Diff": ""
    },
    {
        "Date": "30-Nov-21",
        "": "To",
        "Particulars": "Fabrication Machining",
        "Vch Type": "Journal",
        "Vch No.": 1696,
        "Debit": " 1,871,209.49 ",
        "Credit": "",
        "INVOICE/ PO NO.": "",
        "GRN NO": "",
        "GST AMT": "",
        "TDS AMT": "",
        "RETENTION": "",
        "UTR NO": 0,
        "REFERENCE TEXT": "",
        "REMARKS": "",
        "Match ref": "",
        "Amount as per Thermax": "",
        "Diff": ""
    },
    {
        "Date": "6-Dec-21",
        "": "By",
        "Particulars": "Canara Bank-CC( 4163261000013)\\8019777.73/-",
        "Vch Type": "Receipt",
        "Vch No.": 107,
        "Debit": "",
        "Credit": " 1,319,165.40 ",
        "INVOICE/ PO NO.": "",
        "GRN NO": "",
        "GST AMT": "",
        "TDS AMT": "",
        "RETENTION": "",
        "UTR NO": 1319165.4,
        "REFERENCE TEXT": "",
        "REMARKS": "",
        "Match ref": "",
        "Amount as per Thermax": "",
        "Diff": ""
    },
    {
        "Date": "6-Dec-21",
        "": "By",
        "Particulars": "Tax Deducted at Source (F.Y 2021-22)-NSDL",
        "Vch Type": "Journal",
        "Vch No.": 1827,
        "Debit": "",
        "Credit": 2750,
        "INVOICE/ PO NO.": "",
        "GRN NO": "",
        "GST AMT": "",
        "TDS AMT": "",
        "RETENTION": "",
        "UTR NO": 2750,
        "REFERENCE TEXT": "",
        "REMARKS": "",
        "Match ref": "",
        "Amount as per Thermax": "",
        "Diff": ""
    },
    {
        "Date": "6-Dec-21",
        "": "To",
        "Particulars": "Tax Deducted at Source (F.Y 2021-22)-NSDL",
        "Vch Type": "Journal",
        "Vch No.": 1828,
        "Debit": 1925,
        "Credit": "",
        "INVOICE/ PO NO.": "",
        "GRN NO": "",
        "GST AMT": "",
        "TDS AMT": "",
        "RETENTION": "",
        "UTR NO": 0,
        "REFERENCE TEXT": "",
        "REMARKS": "",
        "Match ref": "",
        "Amount as per Thermax": "",
        "Diff": ""
    },
    {
        "Date": "13-Dec-21",
        "": "By",
        "Particulars": "Canara Bank-CC( 4163261000013)\\8019777.73/-",
        "Vch Type": "Receipt",
        "Vch No.": 109,
        "Debit": "",
        "Credit": " 5,509.92 ",
        "INVOICE/ PO NO.": "",
        "GRN NO": "",
        "GST AMT": "",
        "TDS AMT": "",
        "RETENTION": "",
        "UTR NO": 5509.92,
        "REFERENCE TEXT": "",
        "REMARKS": "",
        "Match ref": "",
        "Amount as per Thermax": "",
        "Diff": ""
    },
    {
        "Date": "13-Dec-21",
        "": "By",
        "Particulars": "Tax Deducted at Source (F.Y 2021-22)-NSDL",
        "Vch Type": "Journal",
        "Vch No.": 1864,
        "Debit": "",
        "Credit": 351,
        "INVOICE/ PO NO.": "",
        "GRN NO": "",
        "GST AMT": "",
        "TDS AMT": "",
        "RETENTION": "",
        "UTR NO": "#N/A",
        "REFERENCE TEXT": "",
        "REMARKS": "",
        "Match ref": "",
        "Amount as per Thermax": "",
        "Diff": ""
    },
    {
        "Date": "14-Dec-21",
        "": "To",
        "Particulars": "Fabrication Machining",
        "Vch Type": "Journal",
        "Vch No.": 1873,
        "Debit": " 1,359,090.08 ",
        "Credit": "",
        "INVOICE/ PO NO.": "",
        "GRN NO": "",
        "GST AMT": "",
        "TDS AMT": "",
        "RETENTION": "",
        "UTR NO": 0,
        "REFERENCE TEXT": "",
        "REMARKS": "",
        "Match ref": "",
        "Amount as per Thermax": "",
        "Diff": ""
    },
    {
        "Date": "26-Dec-21",
        "": "To",
        "Particulars": "Fabrication Machining",
        "Vch Type": "Journal",
        "Vch No.": 1953,
        "Debit": " 847,535.00 ",
        "Credit": "",
        "INVOICE/ PO NO.": "",
        "GRN NO": "",
        "GST AMT": "",
        "TDS AMT": "",
        "RETENTION": "",
        "UTR NO": 0,
        "REFERENCE TEXT": "",
        "REMARKS": "",
        "Match ref": "",
        "Amount as per Thermax": "",
        "Diff": ""
    },
    {
        "Date": "29-Dec-21",
        "": "By",
        "Particulars": "Canara Bank-CC( 4163261000013)\\8019777.73/-",
        "Vch Type": "Receipt",
        "Vch No.": 114,
        "Debit": "",
        "Credit": 80934.5,
        "INVOICE/ PO NO.": "",
        "GRN NO": "",
        "GST AMT": "",
        "TDS AMT": "",
        "RETENTION": "",
        "UTR NO": 80934.5,
        "REFERENCE TEXT": "",
        "REMARKS": "",
        "Match ref": "",
        "Amount as per Thermax": "",
        "Diff": ""
    },
    {
        "Date": "29-Dec-21",
        "": "To",
        "Particulars": "Fabrication Machining",
        "Vch Type": "Journal",
        "Vch No.": 1977,
        "Debit": " 1,536,358.23 ",
        "Credit": "",
        "INVOICE/ PO NO.": "",
        "GRN NO": "",
        "GST AMT": "",
        "TDS AMT": "",
        "RETENTION": "",
        "UTR NO": 0,
        "REFERENCE TEXT": "",
        "REMARKS": "",
        "Match ref": "",
        "Amount as per Thermax": "",
        "Diff": ""
    },
    {
        "Date": "30-Dec-21",
        "": "By",
        "Particulars": "Canara Bank-CC( 4163261000013)\\8019777.73/-",
        "Vch Type": "Receipt",
        "Vch No.": 117,
        "Debit": "",
        "Credit": 164394.52,
        "INVOICE/ PO NO.": "",
        "GRN NO": "",
        "GST AMT": "",
        "TDS AMT": "",
        "RETENTION": "",
        "UTR NO": 164394.52,
        "REFERENCE TEXT": "",
        "REMARKS": "",
        "Match ref": "",
        "Amount as per Thermax": "",
        "Diff": ""
    },
    {
        "Date": "31-Dec-21",
        "": "To",
        "Particulars": "Fabrication Machining",
        "Vch Type": "Journal",
        "Vch No.": 1997,
        "Debit": " 921,814.94 ",
        "Credit": "",
        "INVOICE/ PO NO.": "",
        "GRN NO": "",
        "GST AMT": "",
        "TDS AMT": "",
        "RETENTION": "",
        "UTR NO": 0,
        "REFERENCE TEXT": "",
        "REMARKS": "",
        "Match ref": "",
        "Amount as per Thermax": "",
        "Diff": ""
    },
    {
        "Date": "5-Jan-22",
        "": "By",
        "Particulars": "Canara Bank-CC( 4163261000013)\\8019777.73/-",
        "Vch Type": "Receipt",
        "Vch No.": 118,
        "Debit": "",
        "Credit": 14568.21,
        "INVOICE/ PO NO.": "",
        "GRN NO": "",
        "GST AMT": "",
        "TDS AMT": "",
        "RETENTION": "",
        "UTR NO": 14568.21,
        "REFERENCE TEXT": "",
        "REMARKS": "",
        "Match ref": "",
        "Amount as per Thermax": "",
        "Diff": ""
    },
    {
        "Date": "11-Jan-22",
        "": "By",
        "Particulars": "Canara Bank-CC( 4163261000013)\\8019777.73/-",
        "Vch Type": "Receipt",
        "Vch No.": 119,
        "Debit": "",
        "Credit": " 2,638,331.30 ",
        "INVOICE/ PO NO.": "",
        "GRN NO": "",
        "GST AMT": "",
        "TDS AMT": "",
        "RETENTION": "",
        "UTR NO": 2638331.3,
        "REFERENCE TEXT": "",
        "REMARKS": "",
        "Match ref": "",
        "Amount as per Thermax": "",
        "Diff": ""
    },
    {
        "Date": "11-Jan-22",
        "": "By",
        "Particulars": "Tax Deducted at Source (F.Y 2021-22)-NSDL",
        "Vch Type": "Journal",
        "Vch No.": 2139,
        "Debit": "",
        "Credit": 5499,
        "INVOICE/ PO NO.": "",
        "GRN NO": "",
        "GST AMT": "",
        "TDS AMT": "",
        "RETENTION": "",
        "UTR NO": "#N/A",
        "REFERENCE TEXT": "",
        "REMARKS": "",
        "Match ref": "",
        "Amount as per Thermax": "",
        "Diff": ""
    },
    {
        "Date": "11-Jan-22",
        "": "To",
        "Particulars": "Tax Deducted at Source (F.Y 2021-22)-NSDL",
        "Vch Type": "Journal",
        "Vch No.": 2140,
        "Debit": 3850,
        "Credit": "",
        "INVOICE/ PO NO.": "",
        "GRN NO": "",
        "GST AMT": "",
        "TDS AMT": "",
        "RETENTION": "",
        "UTR NO": 0,
        "REFERENCE TEXT": "",
        "REMARKS": "",
        "Match ref": "",
        "Amount as per Thermax": "",
        "Diff": ""
    },
    {
        "Date": "13-Jan-22",
        "": "By",
        "Particulars": "Canara Bank-CC( 4163261000013)\\8019777.73/-",
        "Vch Type": "Receipt",
        "Vch No.": 123,
        "Debit": "",
        "Credit": " 89,179.56 ",
        "INVOICE/ PO NO.": "",
        "GRN NO": "",
        "GST AMT": "",
        "TDS AMT": "",
        "RETENTION": "",
        "UTR NO": 89179.56,
        "REFERENCE TEXT": "",
        "REMARKS": "",
        "Match ref": "",
        "Amount as per Thermax": "",
        "Diff": ""
    },
    {
        "Date": "14-Jan-22",
        "": "To",
        "Particulars": "Fabrication Machining",
        "Vch Type": "Journal",
        "Vch No.": 2174,
        "Debit": " 1,152,647.60 ",
        "Credit": "",
        "INVOICE/ PO NO.": "",
        "GRN NO": "",
        "GST AMT": "",
        "TDS AMT": "",
        "RETENTION": "",
        "UTR NO": 0,
        "REFERENCE TEXT": "",
        "REMARKS": "",
        "Match ref": "",
        "Amount as per Thermax": "",
        "Diff": ""
    },
    {
        "Date": "18-Jan-22",
        "": "By",
        "Particulars": "Canara Bank-CC( 4163261000013)\\8019777.73/-",
        "Vch Type": "Receipt",
        "Vch No.": 127,
        "Debit": "",
        "Credit": " 5,038,969.00 ",
        "INVOICE/ PO NO.": "",
        "GRN NO": "",
        "GST AMT": "",
        "TDS AMT": "",
        "RETENTION": "",
        "UTR NO": 5038969,
        "REFERENCE TEXT": "",
        "REMARKS": "",
        "Match ref": "",
        "Amount as per Thermax": "",
        "Diff": ""
    },
    {
        "Date": "18-Jan-22",
        "": "By",
        "Particulars": "Tax Deducted at Source (F.Y 2021-22)-NSDL",
        "Vch Type": "Journal",
        "Vch No.": 2193,
        "Debit": "",
        "Credit": 5044,
        "INVOICE/ PO NO.": "",
        "GRN NO": "",
        "GST AMT": "",
        "TDS AMT": "",
        "RETENTION": "",
        "UTR NO": 5044,
        "REFERENCE TEXT": "",
        "REMARKS": "",
        "Match ref": "",
        "Amount as per Thermax": "",
        "Diff": ""
    },
    {
        "Date": "20-Jan-22",
        "": "By",
        "Particulars": "Canara Bank-CC( 4163261000013)\\8019777.73/-",
        "Vch Type": "Receipt",
        "Vch No.": 129,
        "Debit": "",
        "Credit": " 662,353.59 ",
        "INVOICE/ PO NO.": "",
        "GRN NO": "",
        "GST AMT": "",
        "TDS AMT": "",
        "RETENTION": "",
        "UTR NO": 662353.59,
        "REFERENCE TEXT": "",
        "REMARKS": "",
        "Match ref": "",
        "Amount as per Thermax": "",
        "Diff": ""
    },
    {
        "Date": "21-Jan-22",
        "": "By",
        "Particulars": "Canara Bank-CC( 4163261000013)\\8019777.73/-",
        "Vch Type": "Receipt",
        "Vch No.": 130,
        "Debit": "",
        "Credit": 125801.1,
        "INVOICE/ PO NO.": "",
        "GRN NO": "",
        "GST AMT": "",
        "TDS AMT": "",
        "RETENTION": "",
        "UTR NO": 125801.1,
        "REFERENCE TEXT": "",
        "REMARKS": "",
        "Match ref": "",
        "Amount as per Thermax": "",
        "Diff": ""
    },
    {
        "Date": "24-Jan-22",
        "": "To",
        "Particulars": "Fabrication Machining",
        "Vch Type": "Journal",
        "Vch No.": 2249,
        "Debit": " 1,599,391.47 ",
        "Credit": "",
        "INVOICE/ PO NO.": "",
        "GRN NO": "",
        "GST AMT": "",
        "TDS AMT": "",
        "RETENTION": "",
        "UTR NO": 0,
        "REFERENCE TEXT": "",
        "REMARKS": "",
        "Match ref": "",
        "Amount as per Thermax": "",
        "Diff": ""
    },
    {
        "Date": "25-Jan-22",
        "": "By",
        "Particulars": "Canara Bank-CC( 4163261000013)\\8019777.73/-",
        "Vch Type": "Receipt",
        "Vch No.": 131,
        "Debit": "",
        "Credit": 75480.66,
        "INVOICE/ PO NO.": "",
        "GRN NO": "",
        "GST AMT": "",
        "TDS AMT": "",
        "RETENTION": "",
        "UTR NO": 75480.66,
        "REFERENCE TEXT": "",
        "REMARKS": "",
        "Match ref": "",
        "Amount as per Thermax": "",
        "Diff": ""
    },
    {
        "Date": "31-Jan-22",
        "": "By",
        "Particulars": "Canara Bank-CC( 4163261000013)\\8019777.73/-",
        "Vch Type": "Receipt",
        "Vch No.": 134,
        "Debit": "",
        "Credit": 720702.79,
        "INVOICE/ PO NO.": "",
        "GRN NO": "",
        "GST AMT": "",
        "TDS AMT": "",
        "RETENTION": "",
        "UTR NO": 720702.79,
        "REFERENCE TEXT": "",
        "REMARKS": "",
        "Match ref": "",
        "Amount as per Thermax": "",
        "Diff": ""
    },
    {
        "Date": "31-Jan-22",
        "": "To",
        "Particulars": "Fabrication Machining",
        "Vch Type": "Journal",
        "Vch No.": 2293,
        "Debit": " 1,433,934.35 ",
        "Credit": "",
        "INVOICE/ PO NO.": "",
        "GRN NO": "",
        "GST AMT": "",
        "TDS AMT": "",
        "RETENTION": "",
        "UTR NO": 0,
        "REFERENCE TEXT": "",
        "REMARKS": "",
        "Match ref": "",
        "Amount as per Thermax": "",
        "Diff": ""
    },
    {
        "Date": "12-Feb-22",
        "": "To",
        "Particulars": "Fabrication Machining",
        "Vch Type": "Journal",
        "Vch No.": 2475,
        "Debit": " 204,847.76 ",
        "Credit": "",
        "INVOICE/ PO NO.": "",
        "GRN NO": "",
        "GST AMT": "",
        "TDS AMT": "",
        "RETENTION": "",
        "UTR NO": 0,
        "REFERENCE TEXT": "",
        "REMARKS": "",
        "Match ref": "",
        "Amount as per Thermax": "",
        "Diff": ""
    },
    {
        "Date": "15-Feb-22",
        "": "To",
        "Particulars": "Fabrication Machining",
        "Vch Type": "Journal",
        "Vch No.": 2497,
        "Debit": " 3,248,173.02 ",
        "Credit": "",
        "INVOICE/ PO NO.": "",
        "GRN NO": "",
        "GST AMT": "",
        "TDS AMT": "",
        "RETENTION": "",
        "UTR NO": 0,
        "REFERENCE TEXT": "",
        "REMARKS": "",
        "Match ref": "",
        "Amount as per Thermax": "",
        "Diff": ""
    },
    {
        "Date": "16-Feb-22",
        "": "By",
        "Particulars": "Canara Bank-CC( 4163261000013)\\8019777.73/-",
        "Vch Type": "Receipt",
        "Vch No.": 139,
        "Debit": "",
        "Credit": " 374,004.64 ",
        "INVOICE/ PO NO.": "",
        "GRN NO": "",
        "GST AMT": "",
        "TDS AMT": "",
        "RETENTION": "",
        "UTR NO": 374004.64,
        "REFERENCE TEXT": "",
        "REMARKS": "",
        "Match ref": "",
        "Amount as per Thermax": "",
        "Diff": ""
    },
    {
        "Date": "16-Feb-22",
        "": "By",
        "Particulars": "Tax Deducted at Source (F.Y 2021-22)-NSDL",
        "Vch Type": "Journal",
        "Vch No.": 2506,
        "Debit": "",
        "Credit": 3235,
        "INVOICE/ PO NO.": "",
        "GRN NO": "",
        "GST AMT": "",
        "TDS AMT": "",
        "RETENTION": "",
        "UTR NO": "#N/A",
        "REFERENCE TEXT": "",
        "REMARKS": "",
        "Match ref": "",
        "Amount as per Thermax": "",
        "Diff": ""
    },
    {
        "Date": "16-Feb-22",
        "": "To",
        "Particulars": "Tax Deducted at Source (F.Y 2021-22)-NSDL",
        "Vch Type": "Journal",
        "Vch No.": 2507,
        "Debit": 2264,
        "Credit": "",
        "INVOICE/ PO NO.": "",
        "GRN NO": "",
        "GST AMT": "",
        "TDS AMT": "",
        "RETENTION": "",
        "UTR NO": 0,
        "REFERENCE TEXT": "",
        "REMARKS": "",
        "Match ref": "",
        "Amount as per Thermax": "",
        "Diff": ""
    },
    {
        "Date": "17-Feb-22",
        "": "By",
        "Particulars": "Canara Bank-CC( 4163261000013)\\8019777.73/-",
        "Vch Type": "Receipt",
        "Vch No.": 140,
        "Debit": "",
        "Credit": 274117.5,
        "INVOICE/ PO NO.": "",
        "GRN NO": "",
        "GST AMT": "",
        "TDS AMT": "",
        "RETENTION": "",
        "UTR NO": 274117.5,
        "REFERENCE TEXT": "",
        "REMARKS": "",
        "Match ref": "",
        "Amount as per Thermax": "",
        "Diff": ""
    },
    {
        "Date": "17-Feb-22",
        "": "To",
        "Particulars": "Fabrication Machining",
        "Vch Type": "Journal",
        "Vch No.": 2519,
        "Debit": " 26,432.00 ",
        "Credit": "",
        "INVOICE/ PO NO.": "",
        "GRN NO": "",
        "GST AMT": "",
        "TDS AMT": "",
        "RETENTION": "",
        "UTR NO": 0,
        "REFERENCE TEXT": "",
        "REMARKS": "",
        "Match ref": "",
        "Amount as per Thermax": "",
        "Diff": ""
    },
    {
        "Date": "18-Feb-22",
        "": "To",
        "Particulars": "Fabrication Machining",
        "Vch Type": "Journal",
        "Vch No.": 2524,
        "Debit": " 3,248,173.02 ",
        "Credit": "",
        "INVOICE/ PO NO.": "",
        "GRN NO": "",
        "GST AMT": "",
        "TDS AMT": "",
        "RETENTION": "",
        "UTR NO": 0,
        "REFERENCE TEXT": "",
        "REMARKS": "",
        "Match ref": "",
        "Amount as per Thermax": "",
        "Diff": ""
    },
    {
        "Date": "25-Feb-22",
        "": "By",
        "Particulars": "Canara Bank-CC( 4163261000013)\\8019777.73/-",
        "Vch Type": "Receipt",
        "Vch No.": 144,
        "Debit": "",
        "Credit": 61097.4,
        "INVOICE/ PO NO.": "",
        "GRN NO": "",
        "GST AMT": "",
        "TDS AMT": "",
        "RETENTION": "",
        "UTR NO": 61097.4,
        "REFERENCE TEXT": "",
        "REMARKS": "",
        "Match ref": "",
        "Amount as per Thermax": "",
        "Diff": ""
    },
    {
        "Date": "26-Feb-22",
        "": "To",
        "Particulars": "Fabrication Machining",
        "Vch Type": "Journal",
        "Vch No.": 2591,
        "Debit": " 3,248,173.02 ",
        "Credit": "",
        "INVOICE/ PO NO.": "",
        "GRN NO": "",
        "GST AMT": "",
        "TDS AMT": "",
        "RETENTION": "",
        "UTR NO": 0,
        "REFERENCE TEXT": "",
        "REMARKS": "",
        "Match ref": "",
        "Amount as per Thermax": "",
        "Diff": ""
    },
    {
        "Date": "28-Feb-22",
        "": "To",
        "Particulars": "Fabrication Machining",
        "Vch Type": "Journal",
        "Vch No.": 2602,
        "Debit": " 2,273,721.11 ",
        "Credit": "",
        "INVOICE/ PO NO.": "",
        "GRN NO": "",
        "GST AMT": "",
        "TDS AMT": "",
        "RETENTION": "",
        "UTR NO": 0,
        "REFERENCE TEXT": "",
        "REMARKS": "",
        "Match ref": "",
        "Amount as per Thermax": "",
        "Diff": ""
    },
    {
        "Date": "28-Feb-22",
        "": "To",
        "Particulars": "Fabrication Machining",
        "Vch Type": "Journal",
        "Vch No.": 2603,
        "Debit": " 2,273,721.11 ",
        "Credit": "",
        "INVOICE/ PO NO.": "",
        "GRN NO": "",
        "GST AMT": "",
        "TDS AMT": "",
        "RETENTION": "",
        "UTR NO": 0,
        "REFERENCE TEXT": "",
        "REMARKS": "",
        "Match ref": "",
        "Amount as per Thermax": "",
        "Diff": ""
    },
    {
        "Date": "28-Feb-22",
        "": "To",
        "Particulars": "Fabrication Machining",
        "Vch Type": "Journal",
        "Vch No.": 2604,
        "Debit": " 2,273,721.11 ",
        "Credit": "",
        "INVOICE/ PO NO.": "",
        "GRN NO": "",
        "GST AMT": "",
        "TDS AMT": "",
        "RETENTION": "",
        "UTR NO": 0,
        "REFERENCE TEXT": "",
        "REMARKS": "",
        "Match ref": "",
        "Amount as per Thermax": "",
        "Diff": ""
    },
    {
        "Date": "28-Feb-22",
        "": "To",
        "Particulars": "Fabrication Machining",
        "Vch Type": "Journal",
        "Vch No.": 2605,
        "Debit": " 3,248,173.02 ",
        "Credit": "",
        "INVOICE/ PO NO.": "",
        "GRN NO": "",
        "GST AMT": "",
        "TDS AMT": "",
        "RETENTION": "",
        "UTR NO": 0,
        "REFERENCE TEXT": "",
        "REMARKS": "",
        "Match ref": "",
        "Amount as per Thermax": "",
        "Diff": ""
    },
    {
        "Date": "1-Mar-22",
        "": "By",
        "Particulars": "Canara Bank-CC( 4163261000013)\\8019777.73/-",
        "Vch Type": "Receipt",
        "Vch No.": 146,
        "Debit": "",
        "Credit": " 7,913,101.00 ",
        "INVOICE/ PO NO.": "",
        "GRN NO": "",
        "GST AMT": "",
        "TDS AMT": "",
        "RETENTION": "",
        "UTR NO": 7913101,
        "REFERENCE TEXT": "",
        "REMARKS": "",
        "Match ref": "",
        "Amount as per Thermax": "",
        "Diff": ""
    },
    {
        "Date": "1-Mar-22",
        "": "By",
        "Particulars": "Tax Deducted at Source (F.Y 2021-22)-NSDL",
        "Vch Type": "Journal",
        "Vch No.": 2706,
        "Debit": "",
        "Credit": 7921,
        "INVOICE/ PO NO.": "",
        "GRN NO": "",
        "GST AMT": "",
        "TDS AMT": "",
        "RETENTION": "",
        "UTR NO": 7921,
        "REFERENCE TEXT": "",
        "REMARKS": "",
        "Match ref": "",
        "Amount as per Thermax": "",
        "Diff": ""
    },
    {
        "Date": "7-Mar-22",
        "": "By",
        "Particulars": "Canara Bank-CC( 4163261000013)\\8019777.73/-",
        "Vch Type": "Receipt",
        "Vch No.": 150,
        "Debit": "",
        "Credit": 1177809.31,
        "INVOICE/ PO NO.": "",
        "GRN NO": "",
        "GST AMT": "",
        "TDS AMT": "",
        "RETENTION": "",
        "UTR NO": 1177809.31,
        "REFERENCE TEXT": "",
        "REMARKS": "",
        "Match ref": "",
        "Amount as per Thermax": "",
        "Diff": ""
    },
    {
        "Date": "16-Mar-22",
        "": "By",
        "Particulars": "Canara Bank-CC( 4163261000013)\\8019777.73/-",
        "Vch Type": "Receipt",
        "Vch No.": 154,
        "Debit": "",
        "Credit": " 582,931.05 ",
        "INVOICE/ PO NO.": "",
        "GRN NO": "",
        "GST AMT": "",
        "TDS AMT": "",
        "RETENTION": "",
        "UTR NO": 582931.05,
        "REFERENCE TEXT": "",
        "REMARKS": "",
        "Match ref": "",
        "Amount as per Thermax": "",
        "Diff": ""
    },
    {
        "Date": "22-Mar-22",
        "": "To",
        "Particulars": "Fabrication Machining",
        "Vch Type": "Journal",
        "Vch No.": 2796,
        "Debit": " 3,248,173.02 ",
        "Credit": "",
        "INVOICE/ PO NO.": "",
        "GRN NO": "",
        "GST AMT": "",
        "TDS AMT": "",
        "RETENTION": "",
        "UTR NO": "",
        "REFERENCE TEXT": "",
        "REMARKS": "",
        "Match ref": "",
        "Amount as per Thermax": "",
        "Diff": ""
    },
    {
        "Date": "25-Mar-22",
        "": "To",
        "Particulars": "Fabrication Machining",
        "Vch Type": "Journal",
        "Vch No.": 2810,
        "Debit": " 1,786,495.16 ",
        "Credit": "",
        "INVOICE/ PO NO.": "",
        "GRN NO": "",
        "GST AMT": "",
        "TDS AMT": "",
        "RETENTION": "",
        "UTR NO": "",
        "REFERENCE TEXT": "",
        "REMARKS": "",
        "Match ref": "",
        "Amount as per Thermax": "",
        "Diff": ""
    },
    {
        "Date": "31-Mar-22",
        "": "To",
        "Particulars": "Fabrication Machining",
        "Vch Type": "Journal",
        "Vch No.": 2857,
        "Debit": " 3,248,173.02 ",
        "Credit": "",
        "INVOICE/ PO NO.": "",
        "GRN NO": "",
        "GST AMT": "",
        "TDS AMT": "",
        "RETENTION": "",
        "UTR NO": "",
        "REFERENCE TEXT": "",
        "REMARKS": "",
        "Match ref": "",
        "Amount as per Thermax": "",
        "Diff": ""
    },
    {
        "Date": "",
        "": "By",
        "Particulars": "Closing Balance",
        "Vch Type": "",
        "Vch No.": "",
        "Debit": "",
        "Credit": "",
        "INVOICE/ PO NO.": "",
        "GRN NO": "",
        "GST AMT": "",
        "TDS AMT": "",
        "RETENTION": "",
        "UTR NO": "",
        "REFERENCE TEXT": "",
        "REMARKS": "",
        "Match ref": "",
        "Amount as per Thermax": "",
        "Diff": ""
    },
    {
        "Date": "",
        "": "",
        "Particulars": "",
        "Vch Type": "",
        "Vch No.": "",
        "Debit": " 92,256,492.87 ",
        "Credit": " 89,418,826.03 ",
        "INVOICE/ PO NO.": "",
        "GRN NO": "",
        "GST AMT": "",
        "TDS AMT": "",
        "RETENTION": "",
        "UTR NO": "",
        "REFERENCE TEXT": "",
        "REMARKS": "",
        "Match ref": "",
        "Amount as per Thermax": "",
        "Diff": ""
    },
    {
        "Date": "",
        "": "",
        "Particulars": "",
        "Vch Type": "",
        "Vch No.": "",
        "Debit": 92256492.87,
        "Credit": 89418826.03,
        "INVOICE/ PO NO.": "",
        "GRN NO": "",
        "GST AMT": "",
        "TDS AMT": "",
        "RETENTION": "",
        "UTR NO": "",
        "REFERENCE TEXT": "",
        "REMARKS": "",
        "Match ref": "",
        "Amount as per Thermax": "",
        "Diff": ""
    },
    {
        "Date": "",
        "": "",
        "Particulars": "",
        "Vch Type": "",
        "Vch No.": "",
        "Debit": "",
        "Credit": " 2,837,666.84 ",
        "INVOICE/ PO NO.": "",
        "GRN NO": "",
        "GST AMT": "",
        "TDS AMT": "",
        "RETENTION": "",
        "UTR NO": "",
        "REFERENCE TEXT": "",
        "REMARKS": "",
        "Match ref": "",
        "Amount as per Thermax": "",
        "Diff": ""
    },
    {
        "Date": "",
        "": "",
        "Particulars": "",
        "Vch Type": "",
        "Vch No.": "",
        "Debit": "",
        "Credit": "",
        "INVOICE/ PO NO.": "",
        "GRN NO": "",
        "GST AMT": "",
        "TDS AMT": "",
        "RETENTION": "",
        "UTR NO": "",
        "REFERENCE TEXT": "",
        "REMARKS": "",
        "Match ref": "",
        "Amount as per Thermax": "",
        "Diff": ""
    },
    {
        "Date": "",
        "": "",
        "Particulars": "",
        "Vch Type": "",
        "Vch No.": "",
        "Debit": "",
        "Credit": "",
        "INVOICE/ PO NO.": "",
        "GRN NO": "",
        "GST AMT": "",
        "TDS AMT": "",
        "RETENTION": "",
        "UTR NO": "",
        "REFERENCE TEXT": "",
        "REMARKS": "",
        "Match ref": "",
        "Amount as per Thermax": "",
        "Diff": ""
    },
    {
        "Date": "",
        "": "",
        "Particulars": "",
        "Vch Type": "",
        "Vch No.": "",
        "Debit": "",
        "Credit": "",
        "INVOICE/ PO NO.": "",
        "GRN NO": "",
        "GST AMT": "",
        "TDS AMT": "",
        "RETENTION": "",
        "UTR NO": "",
        "REFERENCE TEXT": "",
        "REMARKS": "",
        "Match ref": "",
        "Amount as per Thermax": "",
        "Diff": ""
    },
    {
        "Date": "",
        "": "",
        "Particulars": "",
        "Vch Type": "",
        "Vch No.": "",
        "Debit": "",
        "Credit": "",
        "INVOICE/ PO NO.": "",
        "GRN NO": "",
        "GST AMT": "",
        "TDS AMT": "",
        "RETENTION": "",
        "UTR NO": "",
        "REFERENCE TEXT": "",
        "REMARKS": "",
        "Match ref": "",
        "Amount as per Thermax": "",
        "Diff": ""
    },
    {
        "Date": "",
        "": "",
        "Particulars": "monikatravels07@gmail.com"
    }
]