[{"Sl_No":176996.0,"Active_Status":"Active","Actual_DOL":null,"Associate_Name":"Swaminathan Pathamadai Srinivasan","ClientID":"S6ACH","Client_Name":"Schwing Stetter (India) private ltd","DOB":"1980-06-25","DOJ":"2021-04-05","Designation":"customer Support Executive","EmailID":"swami_80@yahoo.com","Employee_No":2058313.0,"Gender":"Male","Insurance_Company":"No Insurance","MobileNo":7010012680.0,"OL_Basic":15000.0,"OL_CTC":36853.0,"OL_DA":null,"OL_EMPCOMP":43.0,"OL_EMPF":1800.0,"OL_ESIC":null,"OL_Gross":35010.0,"SR_BASIC":15000.0,"SR_CTC":45606.0,"SR_DA":null,"SR_EMPCOMP":43.0,"SR_EMPF":1800.0,"SR_ESIC":null,"SR_Gross":43763.0,"SR_effective_date":"2022-04-05","Stoppay_status":"Not in stop pay","CorpID":"SchwiBF8","EC_Industry":"HEAVY  MACHINERY \u2013 MANUFACTURING CONSTRUCTION EQUIPMENTS","EC_Industry___Sales_Force":"Manufacturing of Capital Goods","GMC":"0","GPA":"0","New_EC_rates":15.10000038,"Parental_ID":null,"Policy_End_Date":"No Insurance","Policy_Start_Date":"No Insurance","Policy_Type":"No Insurance","Remarks_2":"No Insurance","Status":"Active","TPA_Name":"No Insurance"},{"Sl_No":176997.0,"Active_Status":"Active","Actual_DOL":null,"Associate_Name":"Swaminathan Pathamadai Srinivasan","ClientID":"S6ACH","Client_Name":"Schwing Stetter (India) private ltd","DOB":"1980-06-25","DOJ":"2021-04-05","Designation":"customer Support Executive","EmailID":"swami_80@yahoo.com","Employee_No":2058313.0,"Gender":"Male","Insurance_Company":"No Insurance","MobileNo":7010012680.0,"OL_Basic":15000.0,"OL_CTC":36853.0,"OL_DA":null,"OL_EMPCOMP":43.0,"OL_EMPF":1800.0,"OL_ESIC":null,"OL_Gross":35010.0,"SR_BASIC":15000.0,"SR_CTC":45606.0,"SR_DA":null,"SR_EMPCOMP":43.0,"SR_EMPF":1800.0,"SR_ESIC":null,"SR_Gross":43763.0,"SR_effective_date":"2022-04-05","Stoppay_status":"Not in stop pay","CorpID":"SchwiBF8","EC_Industry":"HEAVY  MACHINERY \u2013 MANUFACTURING CONSTRUCTION EQUIPMENTS","EC_Industry___Sales_Force":"Manufacturing of Capital Goods","GMC":"0","GPA":"0","New_EC_rates":15.10000038,"Parental_ID":null,"Policy_End_Date":"No Insurance","Policy_Start_Date":"No Insurance","Policy_Type":"No Insurance","Remarks_2":"No Insurance","Status":"Active","TPA_Name":"No Insurance"}]